id,name,price,short_description,description,rating_average,review_count,image_base_url,image_large_url,image_medium_url,image_small_url,image_thumbnail_url,stock,quantity_sold
278805060,Sách - Bathrooms: Architecture Today by Claudia Martinez Alonso | Architecture Book - Bìa cứng,780000,Tác giả: Claudia Martinez AlonsoNhà xuất bản: KoenemannNăm xuất bản: 2016Loại bìa: Bìa cứngSố trang: 504 TrangNgôn ngữ: Tiếng AnhISBN: 9783864075834Kích thước: 23.88 x 3.56 x 23.88 cm---------...,"Tác giả: Claudia Martinez Alonso Nhà xuất bản: Koenemann Năm xuất bản: 2016 Loại bìa: Bìa cứng Số trang: 504 Trang Ngôn ngữ: Tiếng Anh ISBN: 9783864075834 Kích thước: 23.88 x 3.56 x 23.88 cm --------------------------------- Modern bathroom fixtures, new materials, and the use of color give designers many ways of creating individual bathrooms. Natural materials like stone, wood, ceramic, or textiles help shape a desirable ambiance. Striking design, clever extras, classy elements, wallpaper, art, and subtle accessories can make the bathroom an exceptional room in any home. This book presents exclusive and stylish bathrooms that are not just functional but also a setting for repose and relaxation. --------------------------------- Thiết bị phòng tắm hiện đại, vật liệu mới và cách sử dụng màu sắc mang đến cho các nhà thiết kế nhiều cách để tạo nên những phòng tắm riêng biệt. Các vật liệu tự nhiên như đá, gỗ, gốm sứ hoặc vải dệt góp phần tạo nên một không gian sống lý tưởng. Thiết kế ấn tượng, những chi tiết trang trí tinh tế, các yếu tố sang trọng, giấy dán tường, nghệ thuật và phụ kiện tinh tế có thể biến phòng tắm thành một không gian đặc biệt trong bất kỳ ngôi nhà nào. Giá sản phẩm trên Tiki đã bao gồm thuế theo luật hiện hành. Bên cạnh đó, tuỳ vào loại sản phẩm, hình thức và địa chỉ giao hàng mà có thể phát sinh thêm chi phí khác như phí vận chuyển, phụ phí hàng cồng kềnh, thuế nhập khẩu (đối với đơn hàng giao từ nước ngoài có giá trị trên 1 triệu đồng).....",0,0,"https://salt.tikicdn.com/ts/product/41/48/d3/12112292fc545efa8b7ac89532de2ca8.png, https://salt.tikicdn.com/ts/product/8c/94/3d/663d0f1ad242b46aa61092c4c0d68dee.jpg, https://salt.tikicdn.com/ts/product/b3/70/28/f5fe59167f7e5badea9a87f15d008c2c.jpg, https://salt.tikicdn.com/ts/product/5c/d9/50/61293698370b956b884d2200f59b33a9.jpg, https://salt.tikicdn.com/ts/product/e8/60/60/a221c3f5a8abfdeb5b59f91ab8bcc657.jpg","https://salt.tikicdn.com/cache/w1200/ts/product/41/48/d3/12112292fc545efa8b7ac89532de2ca8.png, https://salt.tikicdn.com/cache/w1200/ts/product/8c/94/3d/663d0f1ad242b46aa61092c4c0d68dee.jpg, https://salt.tikicdn.com/cache/w1200/ts/product/b3/70/28/f5fe59167f7e5badea9a87f15d008c2c.jpg, https://salt.tikicdn.com/cache/w1200/ts/product/5c/d9/50/61293698370b956b884d2200f59b33a9.jpg, https://salt.tikicdn.com/cache/w1200/ts/product/e8/60/60/a221c3f5a8abfdeb5b59f91ab8bcc657.jpg","https://salt.tikicdn.com/cache/w300/ts/product/41/48/d3/12112292fc545efa8b7ac89532de2ca8.png, https://salt.tikicdn.com/cache/w300/ts/product/8c/94/3d/663d0f1ad242b46aa61092c4c0d68dee.jpg, https://salt.tikicdn.com/cache/w300/ts/product/b3/70/28/f5fe59167f7e5badea9a87f15d008c2c.jpg, https://salt.tikicdn.com/cache/w300/ts/product/5c/d9/50/61293698370b956b884d2200f59b33a9.jpg, https://salt.tikicdn.com/cache/w300/ts/product/e8/60/60/a221c3f5a8abfdeb5b59f91ab8bcc657.jpg","https://salt.tikicdn.com/cache/200x280/ts/product/41/48/d3/12112292fc545efa8b7ac89532de2ca8.png, https://salt.tikicdn.com/cache/200x280/ts/product/8c/94/3d/663d0f1ad242b46aa61092c4c0d68dee.jpg, https://salt.tikicdn.com/cache/200x280/ts/product/b3/70/28/f5fe59167f7e5badea9a87f15d008c2c.jpg, https://salt.tikicdn.com/cache/200x280/ts/product/5c/d9/50/61293698370b956b884d2200f59b33a9.jpg, https://salt.tikicdn.com/cache/200x280/ts/product/e8/60/60/a221c3f5a8abfdeb5b59f91ab8bcc657.jpg","https://salt.tikicdn.com/cache/200x280/ts/product/41/48/d3/12112292fc545efa8b7ac89532de2ca8.png, https://salt.tikicdn.com/cache/200x280/ts/product/8c/94/3d/663d0f1ad242b46aa61092c4c0d68dee.jpg, https://salt.tikicdn.com/cache/200x280/ts/product/b3/70/28/f5fe59167f7e5badea9a87f15d008c2c.jpg, https://salt.tikicdn.com/cache/200x280/ts/product/5c/d9/50/61293698370b956b884d2200f59b33a9.jpg, https://salt.tikicdn.com/cache/200x280/ts/product/e8/60/60/a221c3f5a8abfdeb5b59f91ab8bcc657.jpg",1000,0
278615464,Sách - Vietnam Style by Luca Invernizzi Tettoni - With over 220 striking photographs and insightful commentary,780000,Tác giả: Luca Invernizzi TettoniNhà xuất bản: Thế Giới PublisherNăm xuất bản: 2025Công ty phát hành: Thế Giới PublisherLoại bìa: Bìa mềmSố trang: 208 TrangNgôn ngữ: Tiếng AnhISBN: 9786326042597...,"Tác giả: Luca Invernizzi Tettoni Nhà xuất bản: Thế Giới Publisher Năm xuất bản: 2025 Công ty phát hành: Thế Giới Publisher Loại bìa: Bìa mềm Số trang: 208 Trang Ngôn ngữ: Tiếng Anh ISBN: 9786326042597 Kích thước: 28 x 21 x 1.5 cm With over 220 striking photographs and insightful commentary, this Vietnamese design book captures the essence of Vietnamese style and art. Vietnam has long captured the imagination of travelers, both real and armchair. It is an appealing country, filled with natural beauty, tranquil village life and fascinating cities. Vietnam also has an inimitable architectural and interior design style, the product of its rich cultural heritage and the various influences of Chinese, French and other Western colonialism. Vietnam Style is an exploration of the balancing act between traditional vernacular design and architecture and the outside influences of colonialism. The unusual and striking new design styles created by melding these elements are a true cultural kaleidoscope of Vietnam today. Chinese-style shophouses, temples with Indian influences, Thai-style palaces, French Colonial civic and domestic buildings, and the variety of tribal and native wooden houses present in Vietnam Style offer an intimate look into the vibrant, yet virtually unknown world of modern Vietnamese architecture and design. Với hơn 220 bức ảnh ấn tượng và những bình luận sâu sắc, cuốn sách thiết kế Việt Nam này nắm bắt được tinh hoa của phong cách và nghệ thuật Việt Nam. Việt Nam từ lâu đã chiếm trọn trái tim của du khách, cả thực tế lẫn lý thú. Đây là một đất nước quyến rũ, tràn ngập vẻ đẹp thiên nhiên, cuộc sống làng quê yên bình và những thành phố hấp dẫn. Việt Nam cũng sở hữu một phong cách kiến ​​trúc và nội thất độc đáo, kết tinh từ di sản văn hóa phong phú và những ảnh hưởng đa dạng của chủ nghĩa thực dân Trung Hoa, Pháp và các nước phương Tây khác. Phong cách Việt Nam là một cuộc khám phá về sự cân bằng giữa thiết kế và kiến ​​trúc bản địa truyền thống với những ảnh hưởng từ chủ nghĩa thực dân bên ngoài. Những phong cách thiết kế mới lạ và ấn tượng được tạo ra bằng cách kết hợp các yếu tố này chính là một bức tranh vạn hoa văn hóa thực sự của Việt Nam ngày nay. Những căn nhà phố thương mại kiểu Trung Hoa, những ngôi chùa mang ảnh hưởng Ấn Độ, những cung điện kiểu Thái, những công trình dân dụng và nhà ở thời thuộc địa Pháp, cùng với sự đa dạng của những ngôi nhà gỗ bản địa và bộ lạc hiện diện trong Phong cách Việt Nam mang đến một cái nhìn sâu sắc về thế giới kiến ​​trúc và thiết kế Việt Nam hiện đại sôi động nhưng hầu như chưa được biết đến. Giá sản phẩm trên Tiki đã bao gồm thuế theo luật hiện hành. Bên cạnh đó, tuỳ vào loại sản phẩm, hình thức và địa chỉ giao hàng mà có thể phát sinh thêm chi phí khác như phí vận chuyển, phụ phí hàng cồng kềnh, thuế nhập khẩu (đối với đơn hàng giao từ nước ngoài có giá trị trên 1 triệu đồng).....",0,0,"https://salt.tikicdn.com/ts/product/7f/28/0d/f952193be7b6b4d0903f531a89528e12.png, https://salt.tikicdn.com/ts/product/5b/dd/39/1990df0b233a1d4543927747f122dc2a.jpg, https://salt.tikicdn.com/ts/product/2c/78/2e/ac290df30b4e53513425097c2068b143.jpg, https://salt.tikicdn.com/ts/product/51/24/30/e2711d25f214128e74008f229c66b072.jpg, https://salt.tikicdn.com/ts/product/85/55/4e/8f86e9d649d18cc30e35664798b27d27.jpg","https://salt.tikicdn.com/cache/w1200/ts/product/7f/28/0d/f952193be7b6b4d0903f531a89528e12.png, https://salt.tikicdn.com/cache/w1200/ts/product/5b/dd/39/1990df0b233a1d4543927747f122dc2a.jpg, https://salt.tikicdn.com/cache/w1200/ts/product/2c/78/2e/ac290df30b4e53513425097c2068b143.jpg, https://salt.tikicdn.com/cache/w1200/ts/product/51/24/30/e2711d25f214128e74008f229c66b072.jpg, https://salt.tikicdn.com/cache/w1200/ts/product/85/55/4e/8f86e9d649d18cc30e35664798b27d27.jpg","https://salt.tikicdn.com/cache/w300/ts/product/7f/28/0d/f952193be7b6b4d0903f531a89528e12.png, https://salt.tikicdn.com/cache/w300/ts/product/5b/dd/39/1990df0b233a1d4543927747f122dc2a.jpg, https://salt.tikicdn.com/cache/w300/ts/product/2c/78/2e/ac290df30b4e53513425097c2068b143.jpg, https://salt.tikicdn.com/cache/w300/ts/product/51/24/30/e2711d25f214128e74008f229c66b072.jpg, https://salt.tikicdn.com/cache/w300/ts/product/85/55/4e/8f86e9d649d18cc30e35664798b27d27.jpg","https://salt.tikicdn.com/cache/200x280/ts/product/7f/28/0d/f952193be7b6b4d0903f531a89528e12.png, https://salt.tikicdn.com/cache/200x280/ts/product/5b/dd/39/1990df0b233a1d4543927747f122dc2a.jpg, https://salt.tikicdn.com/cache/200x280/ts/product/2c/78/2e/ac290df30b4e53513425097c2068b143.jpg, https://salt.tikicdn.com/cache/200x280/ts/product/51/24/30/e2711d25f214128e74008f229c66b072.jpg, https://salt.tikicdn.com/cache/200x280/ts/product/85/55/4e/8f86e9d649d18cc30e35664798b27d27.jpg","https://salt.tikicdn.com/cache/200x280/ts/product/7f/28/0d/f952193be7b6b4d0903f531a89528e12.png, https://salt.tikicdn.com/cache/200x280/ts/product/5b/dd/39/1990df0b233a1d4543927747f122dc2a.jpg, https://salt.tikicdn.com/cache/200x280/ts/product/2c/78/2e/ac290df30b4e53513425097c2068b143.jpg, https://salt.tikicdn.com/cache/200x280/ts/product/51/24/30/e2711d25f214128e74008f229c66b072.jpg, https://salt.tikicdn.com/cache/200x280/ts/product/85/55/4e/8f86e9d649d18cc30e35664798b27d27.jpg",1000,0
277994714,Sách - Post-Modern Buildings in Britain by Geraint Franklin - Art / Design in English,680000,Tác giả: Geraint FranklinNhà xuất bản: BatsfordNăm xuất bản: 2017Công ty phát hành: 66BooksLoại bìa: Bìa cứngSố trang: 240 TrangNgôn ngữ: Tiếng AnhISBN: 9781849944502 Chủ nghĩa hậu hiện đại l...,"Tác giả: Geraint Franklin Nhà xuất bản: Batsford Năm xuất bản: 2017 Công ty phát hành: 66Books Loại bìa: Bìa cứng Số trang: 240 Trang Ngôn ngữ: Tiếng Anh ISBN: 9781849944502 Chủ nghĩa hậu hiện đại là sự đối lập của chủ nghĩa thô mộc vào những năm 1980 nhưng đã lỗi thời cho đến khi những tòa nhà đẹp nhất của chủ nghĩa này bắt đầu biến mất. Bây giờ là lúc đánh giá lại các giá trị của nó. Các nhà sử học Geraint Franklin và Elain Harwood thảo luận về bối cảnh và các kiến ​​trúc sư chủ chốt của chủ nghĩa này trước khi tôn vinh những ví dụ tuyệt vời nhất của Anh. Các mục nhập riêng lẻ được minh họa đẹp mắt, nhiều mục có ảnh chụp mới, bao gồm Tòa nhà SIS nổi tiếng nhờ James Bond, trạm bơm đầy cảm hứng của John Outram tại Docklands của London và Viện Judge ở Cambridge, và các tác phẩm cuối đời của James Stirling và Michael Wilford, bao gồm No.1 Poultry - một góc phi thường của Thành phố, vào năm 2016 đã trở thành tòa nhà được niêm yết trẻ nhất của Anh. Post-modernism was the 1980s’ counter to Brutalism but fell out of fashion until its best buildings began to disappear. Now is the time to reassess its values. Historians Geraint Franklin and Elain Harwood discuss its background and key architects before celebrating Britain's finest examples. Individual entries are beautifully illustrated, many with new photography, including the SIS Building made famous by James Bond, John Outram’s awe-inspiring pumping station in London's Docklands and Judge Institute in Cambridge, and the late works of James Stirling and Michael Wilford, including No.1 Poultry – an extraordinary corner of the City that in 2016 became England’s youngest listed building. Giá sản phẩm trên Tiki đã bao gồm thuế theo luật hiện hành. Bên cạnh đó, tuỳ vào loại sản phẩm, hình thức và địa chỉ giao hàng mà có thể phát sinh thêm chi phí khác như phí vận chuyển, phụ phí hàng cồng kềnh, thuế nhập khẩu (đối với đơn hàng giao từ nước ngoài có giá trị trên 1 triệu đồng).....",0,0,"https://salt.tikicdn.com/ts/product/f8/2e/4e/9f927af9509d61298f96c3aeb77a0231.jpg, https://salt.tikicdn.com/ts/product/d1/b5/47/de29240079e7ea76ff8cfb6a35403f9d.jpg, https://salt.tikicdn.com/ts/product/c5/d4/3d/74c734e09a179747411a85ac61ad28e3.jpg, https://salt.tikicdn.com/ts/product/e7/ae/fd/7d9d0f4ef03f81a84fd7a135a50d8af2.jpg, https://salt.tikicdn.com/ts/product/99/36/a9/afd75aee9e9b2504d560de9c6e209a16.jpg, https://salt.tikicdn.com/ts/product/1e/0b/1c/d2f8602acd2d1296dde80d9e149b552b.jpg","https://salt.tikicdn.com/cache/w1200/ts/product/f8/2e/4e/9f927af9509d61298f96c3aeb77a0231.jpg, https://salt.tikicdn.com/cache/w1200/ts/product/d1/b5/47/de29240079e7ea76ff8cfb6a35403f9d.jpg, https://salt.tikicdn.com/cache/w1200/ts/product/c5/d4/3d/74c734e09a179747411a85ac61ad28e3.jpg, https://salt.tikicdn.com/cache/w1200/ts/product/e7/ae/fd/7d9d0f4ef03f81a84fd7a135a50d8af2.jpg, https://salt.tikicdn.com/cache/w1200/ts/product/99/36/a9/afd75aee9e9b2504d560de9c6e209a16.jpg, https://salt.tikicdn.com/cache/w1200/ts/product/1e/0b/1c/d2f8602acd2d1296dde80d9e149b552b.jpg","https://salt.tikicdn.com/cache/w300/ts/product/f8/2e/4e/9f927af9509d61298f96c3aeb77a0231.jpg, https://salt.tikicdn.com/cache/w300/ts/product/d1/b5/47/de29240079e7ea76ff8cfb6a35403f9d.jpg, https://salt.tikicdn.com/cache/w300/ts/product/c5/d4/3d/74c734e09a179747411a85ac61ad28e3.jpg, https://salt.tikicdn.com/cache/w300/ts/product/e7/ae/fd/7d9d0f4ef03f81a84fd7a135a50d8af2.jpg, https://salt.tikicdn.com/cache/w300/ts/product/99/36/a9/afd75aee9e9b2504d560de9c6e209a16.jpg, https://salt.tikicdn.com/cache/w300/ts/product/1e/0b/1c/d2f8602acd2d1296dde80d9e149b552b.jpg","https://salt.tikicdn.com/cache/200x280/ts/product/f8/2e/4e/9f927af9509d61298f96c3aeb77a0231.jpg, https://salt.tikicdn.com/cache/200x280/ts/product/d1/b5/47/de29240079e7ea76ff8cfb6a35403f9d.jpg, https://salt.tikicdn.com/cache/200x280/ts/product/c5/d4/3d/74c734e09a179747411a85ac61ad28e3.jpg, https://salt.tikicdn.com/cache/200x280/ts/product/e7/ae/fd/7d9d0f4ef03f81a84fd7a135a50d8af2.jpg, https://salt.tikicdn.com/cache/200x280/ts/product/99/36/a9/afd75aee9e9b2504d560de9c6e209a16.jpg, https://salt.tikicdn.com/cache/200x280/ts/product/1e/0b/1c/d2f8602acd2d1296dde80d9e149b552b.jpg","https://salt.tikicdn.com/cache/200x280/ts/product/f8/2e/4e/9f927af9509d61298f96c3aeb77a0231.jpg, https://salt.tikicdn.com/cache/200x280/ts/product/d1/b5/47/de29240079e7ea76ff8cfb6a35403f9d.jpg, https://salt.tikicdn.com/cache/200x280/ts/product/c5/d4/3d/74c734e09a179747411a85ac61ad28e3.jpg, https://salt.tikicdn.com/cache/200x280/ts/product/e7/ae/fd/7d9d0f4ef03f81a84fd7a135a50d8af2.jpg, https://salt.tikicdn.com/cache/200x280/ts/product/99/36/a9/afd75aee9e9b2504d560de9c6e209a16.jpg, https://salt.tikicdn.com/cache/200x280/ts/product/1e/0b/1c/d2f8602acd2d1296dde80d9e149b552b.jpg",1000,0
277922688,"Book Of Pebbles The Perfect Seaside And Armchair Compan, The",460000,"Why do we pick up pebbles on the beach? What is it we see in them, and why do we take them home to display on our shelves? Is it their inherent beauty, their infinite variation, or simply their associ...","Why do we pick up pebbles on the beach? What is it we see in them, and why do we take them home to display on our shelves? Is it their inherent beauty, their infinite variation, or simply their associations with a happy time and place?In our latest book - part social history and part practical guide - writer and pebble collector Christopher Stocks unearths the sometimes surprising story of our love-affair with pebbles, and considers how the way we see them today has been influenced over the years by artists, authors and even archaeologists.Printmaker Angie Lewin is widely admired for her alluringly stylish images of the natural world. She celebrates the experience of walking and sketching along the British coastline, often incorporating pebbles in her limited edition prints and paintings. Many of these feature in the book alongside a series of new images. Giá sản phẩm trên Tiki đã bao gồm thuế theo luật hiện hành. Bên cạnh đó, tuỳ vào loại sản phẩm, hình thức và địa chỉ giao hàng mà có thể phát sinh thêm chi phí khác như phí vận chuyển, phụ phí hàng cồng kềnh, thuế nhập khẩu (đối với đơn hàng giao từ nước ngoài có giá trị trên 1 triệu đồng).....",0,0,"https://salt.tikicdn.com/ts/product/54/82/df/8b1814e7416076413ef60f552f23c5a4.jpg, https://salt.tikicdn.com/ts/product/96/51/14/49bdcadb5e68d3934c589bd093415295.jpg, https://salt.tikicdn.com/ts/product/82/f3/32/c3083e0146bf5c536f8f40219d72b564.jpg, https://salt.tikicdn.com/ts/product/47/fa/33/203ed1bb2ae1d2d63e1c81c06ee173e3.jpg, https://salt.tikicdn.com/ts/product/46/5a/ba/92d9b5112efe797a2e0089ee8bd675c9.jpg","https://salt.tikicdn.com/cache/w1200/ts/product/54/82/df/8b1814e7416076413ef60f552f23c5a4.jpg, https://salt.tikicdn.com/cache/w1200/ts/product/96/51/14/49bdcadb5e68d3934c589bd093415295.jpg, https://salt.tikicdn.com/cache/w1200/ts/product/82/f3/32/c3083e0146bf5c536f8f40219d72b564.jpg, https://salt.tikicdn.com/cache/w1200/ts/product/47/fa/33/203ed1bb2ae1d2d63e1c81c06ee173e3.jpg, https://salt.tikicdn.com/cache/w1200/ts/product/46/5a/ba/92d9b5112efe797a2e0089ee8bd675c9.jpg","https://salt.tikicdn.com/cache/w300/ts/product/54/82/df/8b1814e7416076413ef60f552f23c5a4.jpg, https://salt.tikicdn.com/cache/w300/ts/product/96/51/14/49bdcadb5e68d3934c589bd093415295.jpg, https://salt.tikicdn.com/cache/w300/ts/product/82/f3/32/c3083e0146bf5c536f8f40219d72b564.jpg, https://salt.tikicdn.com/cache/w300/ts/product/47/fa/33/203ed1bb2ae1d2d63e1c81c06ee173e3.jpg, https://salt.tikicdn.com/cache/w300/ts/product/46/5a/ba/92d9b5112efe797a2e0089ee8bd675c9.jpg","https://salt.tikicdn.com/cache/200x280/ts/product/54/82/df/8b1814e7416076413ef60f552f23c5a4.jpg, https://salt.tikicdn.com/cache/200x280/ts/product/96/51/14/49bdcadb5e68d3934c589bd093415295.jpg, https://salt.tikicdn.com/cache/200x280/ts/product/82/f3/32/c3083e0146bf5c536f8f40219d72b564.jpg, https://salt.tikicdn.com/cache/200x280/ts/product/47/fa/33/203ed1bb2ae1d2d63e1c81c06ee173e3.jpg, https://salt.tikicdn.com/cache/200x280/ts/product/46/5a/ba/92d9b5112efe797a2e0089ee8bd675c9.jpg","https://salt.tikicdn.com/cache/200x280/ts/product/54/82/df/8b1814e7416076413ef60f552f23c5a4.jpg, https://salt.tikicdn.com/cache/200x280/ts/product/96/51/14/49bdcadb5e68d3934c589bd093415295.jpg, https://salt.tikicdn.com/cache/200x280/ts/product/82/f3/32/c3083e0146bf5c536f8f40219d72b564.jpg, https://salt.tikicdn.com/cache/200x280/ts/product/47/fa/33/203ed1bb2ae1d2d63e1c81c06ee173e3.jpg, https://salt.tikicdn.com/cache/200x280/ts/product/46/5a/ba/92d9b5112efe797a2e0089ee8bd675c9.jpg",1000,0
277891396,The Saigon Times Weekly kỳ số 18-2025,19000,"Saigon Times Group là Nhóm báo có tổng cộng 5 ấn phẩm, trong đó có hai ấn phẩm in là Kinh tế Sài Gòn (tuần báo Tiếng Việt) và The Saigon Times Weekly (tuần báo tiếng Anh). Đây là những ấn phẩm không t...","Saigon Times Group là Nhóm báo có tổng cộng 5 ấn phẩm, trong đó có hai ấn phẩm in là Kinh tế Sài Gòn (tuần báo Tiếng Việt) và The Saigon Times Weekly (tuần báo tiếng Anh). Đây là những ấn phẩm không thể thiếu cho giới kinh doanh, các nhà làm chính sách, giới quản lý, nhà đầu tư trong nước - nước ngoài. The Saigon Times Weekly Frequency: Every Saturday) (Cover price : 19.000 VND/copy) Discount 6 months : 5% 1 year : 15% Other provinces and foreign countries Ha Noi Ho Chi Minh City Circulation Kinh te Sai Gon : 80.000 copies The Saigon Times Weekly : 50.000 copies Giá sản phẩm trên Tiki đã bao gồm thuế theo luật hiện hành. Bên cạnh đó, tuỳ vào loại sản phẩm, hình thức và địa chỉ giao hàng mà có thể phát sinh thêm chi phí khác như phí vận chuyển, phụ phí hàng cồng kềnh, thuế nhập khẩu (đối với đơn hàng giao từ nước ngoài có giá trị trên 1 triệu đồng).....",5,1,https://salt.tikicdn.com/ts/product/59/21/6c/13207e7969ad3d21a92f8282a95cc475.jpg,https://salt.tikicdn.com/cache/w1200/ts/product/59/21/6c/13207e7969ad3d21a92f8282a95cc475.jpg,https://salt.tikicdn.com/cache/w300/ts/product/59/21/6c/13207e7969ad3d21a92f8282a95cc475.jpg,https://salt.tikicdn.com/cache/200x280/ts/product/59/21/6c/13207e7969ad3d21a92f8282a95cc475.jpg,https://salt.tikicdn.com/cache/200x280/ts/product/59/21/6c/13207e7969ad3d21a92f8282a95cc475.jpg,1000,1
277873316,Architecture Asia - Writing And Literature,820000,"Architecture Asia, as the official journal of the Architects Regional Council Asia, aims to provide a forum, not only for presenting Asian phenomena and their characteristics to the world, but also fo...","Architecture Asia, as the official journal of the Architects Regional Council Asia, aims to provide a forum, not only for presenting Asian phenomena and their characteristics to the world, but also for understanding diversity and multiculturalism within Asia from a global perspective. This issue focuses on the topic of Architecture Writing and Literature, and features five essays and ten projects that elaborate on this topic. The five essays, separately, introduce Writing Architectural Pedagogies, Indian Architectural Literature in UKs Academe, Architecture of Writing and Criticism, How to Believe in Architecture becoming Author of History and Writing Habitation and Inhabiting Writing. The ten projects, accompanied with full-color photos and text descriptions, highlight various types of architectural works from China, India, Indonesia, Japan, Malaysia, Singapore, showing how architects show their projects through words, depending on the types of architectural work. Giá sản phẩm trên Tiki đã bao gồm thuế theo luật hiện hành. Bên cạnh đó, tuỳ vào loại sản phẩm, hình thức và địa chỉ giao hàng mà có thể phát sinh thêm chi phí khác như phí vận chuyển, phụ phí hàng cồng kềnh, thuế nhập khẩu (đối với đơn hàng giao từ nước ngoài có giá trị trên 1 triệu đồng).....",0,0,"https://salt.tikicdn.com/ts/product/c4/bb/e2/75b1432efaf2ecafd19d67320ac8b8d5.jpg, https://salt.tikicdn.com/ts/product/da/24/56/ebc19f35956cee2251c3404a979bff3a.jpg, https://salt.tikicdn.com/ts/product/75/b9/6c/68b96b94bfc333b3d86d3e7c0f051eab.jpg, https://salt.tikicdn.com/ts/product/86/15/bb/da91bdb5452f0eda48abcfe0e319bedd.jpg","https://salt.tikicdn.com/cache/w1200/ts/product/c4/bb/e2/75b1432efaf2ecafd19d67320ac8b8d5.jpg, https://salt.tikicdn.com/cache/w1200/ts/product/da/24/56/ebc19f35956cee2251c3404a979bff3a.jpg, https://salt.tikicdn.com/cache/w1200/ts/product/75/b9/6c/68b96b94bfc333b3d86d3e7c0f051eab.jpg, https://salt.tikicdn.com/cache/w1200/ts/product/86/15/bb/da91bdb5452f0eda48abcfe0e319bedd.jpg","https://salt.tikicdn.com/cache/w300/ts/product/c4/bb/e2/75b1432efaf2ecafd19d67320ac8b8d5.jpg, https://salt.tikicdn.com/cache/w300/ts/product/da/24/56/ebc19f35956cee2251c3404a979bff3a.jpg, https://salt.tikicdn.com/cache/w300/ts/product/75/b9/6c/68b96b94bfc333b3d86d3e7c0f051eab.jpg, https://salt.tikicdn.com/cache/w300/ts/product/86/15/bb/da91bdb5452f0eda48abcfe0e319bedd.jpg","https://salt.tikicdn.com/cache/200x280/ts/product/c4/bb/e2/75b1432efaf2ecafd19d67320ac8b8d5.jpg, https://salt.tikicdn.com/cache/200x280/ts/product/da/24/56/ebc19f35956cee2251c3404a979bff3a.jpg, https://salt.tikicdn.com/cache/200x280/ts/product/75/b9/6c/68b96b94bfc333b3d86d3e7c0f051eab.jpg, https://salt.tikicdn.com/cache/200x280/ts/product/86/15/bb/da91bdb5452f0eda48abcfe0e319bedd.jpg","https://salt.tikicdn.com/cache/200x280/ts/product/c4/bb/e2/75b1432efaf2ecafd19d67320ac8b8d5.jpg, https://salt.tikicdn.com/cache/200x280/ts/product/da/24/56/ebc19f35956cee2251c3404a979bff3a.jpg, https://salt.tikicdn.com/cache/200x280/ts/product/75/b9/6c/68b96b94bfc333b3d86d3e7c0f051eab.jpg, https://salt.tikicdn.com/cache/200x280/ts/product/86/15/bb/da91bdb5452f0eda48abcfe0e319bedd.jpg",1000,0
277739404,Sách - The Field Guide to Supergraphics by Sean Adams - Sách Ngoại văn - English Book,380000,Tác giả: Sean AdamsNhà xuất bản: Thames and HudsonNăm xuất bản: 2018Công ty phát hành: Book 66Loại bìa: Bìa cứngSố trang: 384 TrangNgôn ngữ: Tiếng AnhISBN: 9780500021347-----------------------...,"Tác giả: Sean Adams Nhà xuất bản: Thames and Hudson Năm xuất bản: 2018 Công ty phát hành: Book 66 Loại bìa: Bìa cứng Số trang: 384 Trang Ngôn ngữ: Tiếng Anh ISBN: 9780500021347 ------------------------- Định nghĩa về siêu học đã thay đổi trong hai mươi năm qua. Đã từng, chỉ có một thiết kế trang trí lớn trên một bức tường hoặc tòa nhà là một siêu văn bản. Ngày nay, nó bao gồm tìm đường phân định kiến ​​trúc và xác định biển báo, tranh tường minh họa và các yếu tố thương hiệu. Một siêu văn bản có thể có dạng một biểu tượng khổng lồ ở mặt bên của một tòa nhà, một bức tường hình vuông nhiều màu hoặc một biểu tượng phòng vệ sinh quá khổ. Công nghệ kỹ thuật số hiện nay cho phép tương tác và truyền thông dựa trên màn hình trên quy mô lớn. Giờ đây, khán giả có thể thực sự giao tiếp với một không gian kiến ​​trúc theo phong cách cá nhân và độc đáo. Sự khác biệt giữa một thiết kế vượt trội trên tường và một siêu văn thành công thường dựa trên hai điểm: một khái niệm mạnh mẽ và sự tương tác với kiến ​​trúc, ánh sáng và không gian. Nhiều người có thể vẽ sọc trên tường. Nhưng một nhà thiết kế có thể sử dụng toàn bộ khối lượng, địa điểm, bối cảnh và môi trường thay đổi để tạo ra một câu chuyện với từ ngữ, màu sắc và hình dạng. Cuốn sách này bao gồm các ví dụ về siêu văn bản tốt nhất trên thế giới. Đây là bằng chứng về cảm giác thích thú khi một giải pháp đồ họa được chế tác đẹp mắt và khái niệm thông minh được kết hợp với kiến ​​trúc đáng chú ý. Giá sản phẩm trên Tiki đã bao gồm thuế theo luật hiện hành. Bên cạnh đó, tuỳ vào loại sản phẩm, hình thức và địa chỉ giao hàng mà có thể phát sinh thêm chi phí khác như phí vận chuyển, phụ phí hàng cồng kềnh, thuế nhập khẩu (đối với đơn hàng giao từ nước ngoài có giá trị trên 1 triệu đồng).....",0,0,"https://salt.tikicdn.com/ts/product/53/b5/8e/77d59a172e26047217bbd7865ccb70c2.png, https://salt.tikicdn.com/ts/product/11/50/8d/a419f203f0470751470b784e6abff3bd.jpg, https://salt.tikicdn.com/ts/product/19/bf/ed/76ba5e26d9d59160557e7c1a66309af3.jpg","https://salt.tikicdn.com/cache/w1200/ts/product/53/b5/8e/77d59a172e26047217bbd7865ccb70c2.png, https://salt.tikicdn.com/cache/w1200/ts/product/11/50/8d/a419f203f0470751470b784e6abff3bd.jpg, https://salt.tikicdn.com/cache/w1200/ts/product/19/bf/ed/76ba5e26d9d59160557e7c1a66309af3.jpg","https://salt.tikicdn.com/cache/w300/ts/product/53/b5/8e/77d59a172e26047217bbd7865ccb70c2.png, https://salt.tikicdn.com/cache/w300/ts/product/11/50/8d/a419f203f0470751470b784e6abff3bd.jpg, https://salt.tikicdn.com/cache/w300/ts/product/19/bf/ed/76ba5e26d9d59160557e7c1a66309af3.jpg","https://salt.tikicdn.com/cache/200x280/ts/product/53/b5/8e/77d59a172e26047217bbd7865ccb70c2.png, https://salt.tikicdn.com/cache/200x280/ts/product/11/50/8d/a419f203f0470751470b784e6abff3bd.jpg, https://salt.tikicdn.com/cache/200x280/ts/product/19/bf/ed/76ba5e26d9d59160557e7c1a66309af3.jpg","https://salt.tikicdn.com/cache/200x280/ts/product/53/b5/8e/77d59a172e26047217bbd7865ccb70c2.png, https://salt.tikicdn.com/cache/200x280/ts/product/11/50/8d/a419f203f0470751470b784e6abff3bd.jpg, https://salt.tikicdn.com/cache/200x280/ts/product/19/bf/ed/76ba5e26d9d59160557e7c1a66309af3.jpg",1000,0
277580953,"Sách - 50 Architecture Ideas You Really Need to Know by Philip Wilkinson - Sách nghệ thuật, tiếng anh,bìa cứng",350000,Tác giả: Philip WilkinsonNhà xuất bản: QuercusNăm xuất bản: 2010Công ty phát hành: 66BooksLoại bìa: Bìa cứngSố trang: 208 TrangNgôn ngữ: Tiếng AnhISBN: 9781848660656Kích thước: 20.6 x 18 x 2 c...,"Tác giả: Philip Wilkinson Nhà xuất bản: Quercus Năm xuất bản: 2010 Công ty phát hành: 66Books Loại bìa: Bìa cứng Số trang: 208 Trang Ngôn ngữ: Tiếng Anh ISBN: 9781848660656 Kích thước: 20.6 x 18 x 2 cm Từ Kim tự tháp Giza đến Bảo tàng Guggenheim, hướng dẫn sống động này giải thích các khái niệm và phát minh chính trong kiến ​​trúc một cách rõ ràng và súc tích. Khám phá vô số cách mà môi trường xây dựng được định hình và tạo ra, độc giả sẽ có được sự đánh giá mới và sáng suốt về kiến ​​trúc, từ các trật tự cổ điển của Vitruvius - Doric, Ionic và Corinthian - đến các xu hướng đương đại mới nhất. Philip Wilkinson cung cấp các phần giới thiệu chuyên môn về các phong trào và phong cách kiến ​​trúc quan trọng nhất trong suốt lịch sử, cũng như mô tả một số tác phẩm quan trọng và tiêu biểu nhất của các kiến ​​trúc sư vĩ đại nhất. Vì vậy, nếu bạn từng tự hỏi khi nào một tòa nhà chỉ là một tòa nhà hay tác phẩm nghệ thuật, hoặc muốn biết thêm về các mái vòm, giàn và mái vòm Gothic, thì đây là phần giới thiệu hoàn hảo. Nội dung: Các mệnh lệnh, Chế tạo sẵn, Thẩm mỹ máy móc, Kỹ thuật La Mã, Mỹ thuật Beaux, Dymaxion, Romanesque, Nghệ thuật và Thủ công mỹ nghệ, Kiến trúc thay thế, Gothic, Bảo tồn, Chủ nghĩa chức năng, Phục hưng, Nhà chọc trời, Thành phố cắm điện, Baroque, Thành phố đẹp, Chủ nghĩa tối giản, Rococo, Nghệ thuật mới, Chủ nghĩa thô bạo, Chủ nghĩa Palladian, Ly khai, Cảnh quan đô thị, Chủ nghĩa tân cổ điển, Nghệ thuật trang trí, Hậu hiện đại, Đặc điểm, Thành phố vườn, Thiết kế theo ngữ cảnh, Hương vị, Chủ nghĩa tương lai, Công nghệ cao, Vẻ đẹp như tranh vẽ, Chủ nghĩa kiến ​​tạo, Chủ nghĩa giải cấu trúc, Cái cao cả, Bauhaus, Chủ nghĩa lịch sử, Vườn cảnh quan, De Stijl, Kiến trúc cộng đồng, Chủ nghĩa phục hưng, Phong cách quốc tế, Kiến trúc xanh, Phục hồi, Chủ nghĩa biểu hiện, Chủ nghĩa đô thị, Công nghiệp, Kiến trúc hữu cơ, Chủ nghĩa chiết trung. From the Pyramids of Giza to the Guggenheim, this lively guide explains the key concepts and inventions in architecture clearly and concisely. Exploring the myriad ways in which the built environment is shaped and created, readers will gain a new and informed appreciation for architecture, from the classical orders of Vitruvius - Doric, Ionic and Corinthian - to the to the most recent contemporary trends. Philip Wilkinson offers expert introductions to the most important architectural movements and styles throughout history, as well as describing some of the greatest architects' most important and representative works. So, if you've ever wondered when a building is just a building or art, or want to know more about Gothic vaults, trusses and arches, this is the perfect introduction. Contents: The Orders, Prefabrication, Machine aesthetics, Roman engineering, Beaux Arts, Dymaxion, Romanesque, Arts and Crafts, Alternative architecture, Gothic, Conservation, Functionalism, Renaissance, Skyscraper, Plug-in city, Baroque, City Beautiful, Minimalism, Rococo, Art Nouveau, Brutalism, Palladianism, Secession, Townscape, Neo-Classicism, Art Deco, Postmodernism, Character, Garden city, Contextual design, Taste, Futurism, Hi Tech, The Picturesque, Constructivism, Deconstructivism, The Sublime, Bauhaus, Historicism, Landscape garden, De Stijl, Community architecture, Revivalism, International Style, Green architecture, Restoration, Expressionism, Urbanism, Industrial, Organic architecture, Eclecticism. Giá sản phẩm trên Tiki đã bao gồm thuế theo luật hiện hành. Bên cạnh đó, tuỳ vào loại sản phẩm, hình thức và địa chỉ giao hàng mà có thể phát sinh thêm chi phí khác như phí vận chuyển, phụ phí hàng cồng kềnh, thuế nhập khẩu (đối với đơn hàng giao từ nước ngoài có giá trị trên 1 triệu đồng).....",0,0,"https://salt.tikicdn.com/ts/product/07/1a/aa/12d9d68bc2d5cfa216c7d9ab83316f45.jpg, https://salt.tikicdn.com/ts/product/75/20/76/ec7dbe7fcfd793d771e8d5e75d589b23.jpg, https://salt.tikicdn.com/ts/product/d3/fe/22/bd8241a37aabce6d8833cdedf993dca2.jpg, https://salt.tikicdn.com/ts/product/33/4a/e2/497d3a5e4e12ae7b2096dc0e7eb27e6f.jpg","https://salt.tikicdn.com/cache/w1200/ts/product/07/1a/aa/12d9d68bc2d5cfa216c7d9ab83316f45.jpg, https://salt.tikicdn.com/cache/w1200/ts/product/75/20/76/ec7dbe7fcfd793d771e8d5e75d589b23.jpg, https://salt.tikicdn.com/cache/w1200/ts/product/d3/fe/22/bd8241a37aabce6d8833cdedf993dca2.jpg, https://salt.tikicdn.com/cache/w1200/ts/product/33/4a/e2/497d3a5e4e12ae7b2096dc0e7eb27e6f.jpg","https://salt.tikicdn.com/cache/w300/ts/product/07/1a/aa/12d9d68bc2d5cfa216c7d9ab83316f45.jpg, https://salt.tikicdn.com/cache/w300/ts/product/75/20/76/ec7dbe7fcfd793d771e8d5e75d589b23.jpg, https://salt.tikicdn.com/cache/w300/ts/product/d3/fe/22/bd8241a37aabce6d8833cdedf993dca2.jpg, https://salt.tikicdn.com/cache/w300/ts/product/33/4a/e2/497d3a5e4e12ae7b2096dc0e7eb27e6f.jpg","https://salt.tikicdn.com/cache/200x280/ts/product/07/1a/aa/12d9d68bc2d5cfa216c7d9ab83316f45.jpg, https://salt.tikicdn.com/cache/200x280/ts/product/75/20/76/ec7dbe7fcfd793d771e8d5e75d589b23.jpg, https://salt.tikicdn.com/cache/200x280/ts/product/d3/fe/22/bd8241a37aabce6d8833cdedf993dca2.jpg, https://salt.tikicdn.com/cache/200x280/ts/product/33/4a/e2/497d3a5e4e12ae7b2096dc0e7eb27e6f.jpg","https://salt.tikicdn.com/cache/200x280/ts/product/07/1a/aa/12d9d68bc2d5cfa216c7d9ab83316f45.jpg, https://salt.tikicdn.com/cache/200x280/ts/product/75/20/76/ec7dbe7fcfd793d771e8d5e75d589b23.jpg, https://salt.tikicdn.com/cache/200x280/ts/product/d3/fe/22/bd8241a37aabce6d8833cdedf993dca2.jpg, https://salt.tikicdn.com/cache/200x280/ts/product/33/4a/e2/497d3a5e4e12ae7b2096dc0e7eb27e6f.jpg",1000,0
277565314,Sách - Tree Houses by Taschen - Sách nghệ thuật bằng tiếng anh,780000,Tác giả: Philip JodidioNhà xuất bản: TaschenNăm xuất bản: 2019Công ty phát hành: TaschenLoại bìa: Bìa mềmSố trang: 511 TrangNgôn ngữ: Tiếng AnhISBN: 9783836576840 Ý tưởng trèo lên cây để trú ...,"Tác giả: Philip Jodidio Nhà xuất bản: Taschen Năm xuất bản: 2019 Công ty phát hành: Taschen Loại bìa: Bìa mềm Số trang: 511 Trang Ngôn ngữ: Tiếng Anh ISBN: 9783836576840 Ý tưởng trèo lên cây để trú ẩn, hoặc chỉ để nhìn trái đất từ một góc độ khác, đã cổ hủ như loài người. Trong ấn bản TASCHEN gọn gàng này, hãy tham quan một số cuộc phiêu lưu trên cây tuyệt vời nhất của chúng tôi với 50 ngôi nhà trên cây đẹp nhất, sáng tạo và đầy mê hoặc trên khắp thế giới. Từ lãng mạn đến đương đại, từ những kiến trúc sư nổi tiếng đến những người thợ thủ công ít được biết đến, bạn sẽ mở rộng tầm cao để tham quan mọi kiểu cấu trúc trên ngọn cây, từ quán trà, nhà hàng, khách sạn và nhà chơi cho trẻ em đến những khu vườn đơn giản để chiêm nghiệm cuộc sống, tận hưởng xem và khám phá rằng những ngôi nhà trên cây có nhiều dạng như trí tưởng tượng có thể mang lại. Với vô số bức ảnh và hình minh họa tuyệt đẹp, đây là một lời ca ngợi cho lối sống thay thế, nơi trí tưởng tượng vui tươi đáp ứng sự khéo léo nhạy cảm với môi trường. Xem thêm tại: Giá sản phẩm trên Tiki đã bao gồm thuế theo luật hiện hành. Bên cạnh đó, tuỳ vào loại sản phẩm, hình thức và địa chỉ giao hàng mà có thể phát sinh thêm chi phí khác như phí vận chuyển, phụ phí hàng cồng kềnh, thuế nhập khẩu (đối với đơn hàng giao từ nước ngoài có giá trị trên 1 triệu đồng).....",0,0,"https://salt.tikicdn.com/ts/product/7f/2d/e2/136548e8842a4bb665dc4070c691bc8f.jpg, https://salt.tikicdn.com/ts/product/77/7b/e8/58d51d56f0e63950f906db62d2ed876f.jpg, https://salt.tikicdn.com/ts/product/ee/62/08/fb3d341ad0ec9552e9a7864818a60ea1.jpg, https://salt.tikicdn.com/ts/product/50/93/d0/04b79d60a5195afb8c95c19a2e107878.jpg","https://salt.tikicdn.com/cache/w1200/ts/product/7f/2d/e2/136548e8842a4bb665dc4070c691bc8f.jpg, https://salt.tikicdn.com/cache/w1200/ts/product/77/7b/e8/58d51d56f0e63950f906db62d2ed876f.jpg, https://salt.tikicdn.com/cache/w1200/ts/product/ee/62/08/fb3d341ad0ec9552e9a7864818a60ea1.jpg, https://salt.tikicdn.com/cache/w1200/ts/product/50/93/d0/04b79d60a5195afb8c95c19a2e107878.jpg","https://salt.tikicdn.com/cache/w300/ts/product/7f/2d/e2/136548e8842a4bb665dc4070c691bc8f.jpg, https://salt.tikicdn.com/cache/w300/ts/product/77/7b/e8/58d51d56f0e63950f906db62d2ed876f.jpg, https://salt.tikicdn.com/cache/w300/ts/product/ee/62/08/fb3d341ad0ec9552e9a7864818a60ea1.jpg, https://salt.tikicdn.com/cache/w300/ts/product/50/93/d0/04b79d60a5195afb8c95c19a2e107878.jpg","https://salt.tikicdn.com/cache/200x280/ts/product/7f/2d/e2/136548e8842a4bb665dc4070c691bc8f.jpg, https://salt.tikicdn.com/cache/200x280/ts/product/77/7b/e8/58d51d56f0e63950f906db62d2ed876f.jpg, https://salt.tikicdn.com/cache/200x280/ts/product/ee/62/08/fb3d341ad0ec9552e9a7864818a60ea1.jpg, https://salt.tikicdn.com/cache/200x280/ts/product/50/93/d0/04b79d60a5195afb8c95c19a2e107878.jpg","https://salt.tikicdn.com/cache/200x280/ts/product/7f/2d/e2/136548e8842a4bb665dc4070c691bc8f.jpg, https://salt.tikicdn.com/cache/200x280/ts/product/77/7b/e8/58d51d56f0e63950f906db62d2ed876f.jpg, https://salt.tikicdn.com/cache/200x280/ts/product/ee/62/08/fb3d341ad0ec9552e9a7864818a60ea1.jpg, https://salt.tikicdn.com/cache/200x280/ts/product/50/93/d0/04b79d60a5195afb8c95c19a2e107878.jpg",1000,0
277553629,"Sách - Vo Trong Nghia: Building Nature: Green/Bamboo by Vo Trong Nghia - Sách tiếng anh, nghệ thuật, thiết kế",1280000,Tác giả: Võ Trọng NghĩaNhà xuất bản: Thames and Hudson LtdNăm xuất bản: 2022Công ty phát hành: 66BooksLoại bìa: Bìa mềmSố trang: 400 TrangNgôn ngữ: Tiếng AnhISBN: 9780500343593Kích thước: 22.1...,"Tác giả: Võ Trọng Nghĩa Nhà xuất bản: Thames and Hudson Ltd Năm xuất bản: 2022 Công ty phát hành: 66Books Loại bìa: Bìa mềm Số trang: 400 Trang Ngôn ngữ: Tiếng Anh ISBN: 9780500343593 Kích thước: 22.1 x 4.32 x 27.94 cm Với dân số ngày càng tăng trên khắp thế giới và áp lực của thảm họa khí hậu đang rình rập, tác phẩm của Võ Trọng Nghĩa là lời kêu gọi kiến ​​trúc chuyển mình từ nguồn ô nhiễm thành lý do để hy vọng. Ý tưởng này cũng không phải là giai thoại: Hội đồng Công trình Xanh Thế giới ước tính rằng 39% lượng khí thải carbon liên quan đến năng lượng có thể là do các tòa nhà. Nhận thức về trách nhiệm của kiến ​​trúc đã thấm sâu vào nghề kiến ​​trúc ở các nước phát triển, trong khi những ý tưởng và giải pháp mới đang đến từ những nơi mà những vấn đề này trở nên gay gắt nhất. With rising populations around the world and the pressures of looming climatic catastrophe, the work of Vo Trong Nghia is a call for architecture to transform itself from a source of pollution to a reason for hope. Nor is this idea anecdotal: the World Green Building Council estimates that 39% of energy-related carbon emissions can be attributed to buildings. An awareness of architecture’s responsibilities has permeated the profession in the developed world, while new ideas and solutions are coming from places where these issues are most acute. Giá sản phẩm trên Tiki đã bao gồm thuế theo luật hiện hành. Bên cạnh đó, tuỳ vào loại sản phẩm, hình thức và địa chỉ giao hàng mà có thể phát sinh thêm chi phí khác như phí vận chuyển, phụ phí hàng cồng kềnh, thuế nhập khẩu (đối với đơn hàng giao từ nước ngoài có giá trị trên 1 triệu đồng).....",0,0,"https://salt.tikicdn.com/ts/product/cf/bc/6b/14b0fcec65abc74cf015dfa6290ccc97.jpg, https://salt.tikicdn.com/ts/product/af/4e/0a/7ac1480c25f88bca6d76ab049f206fd9.jpg, https://salt.tikicdn.com/ts/product/e9/2d/ed/96cabf76a5abf898a6ad44b9b95d6061.jpg, https://salt.tikicdn.com/ts/product/c6/15/c1/653ed839cb5768691947743aac172717.jpg","https://salt.tikicdn.com/cache/w1200/ts/product/cf/bc/6b/14b0fcec65abc74cf015dfa6290ccc97.jpg, https://salt.tikicdn.com/cache/w1200/ts/product/af/4e/0a/7ac1480c25f88bca6d76ab049f206fd9.jpg, https://salt.tikicdn.com/cache/w1200/ts/product/e9/2d/ed/96cabf76a5abf898a6ad44b9b95d6061.jpg, https://salt.tikicdn.com/cache/w1200/ts/product/c6/15/c1/653ed839cb5768691947743aac172717.jpg","https://salt.tikicdn.com/cache/w300/ts/product/cf/bc/6b/14b0fcec65abc74cf015dfa6290ccc97.jpg, https://salt.tikicdn.com/cache/w300/ts/product/af/4e/0a/7ac1480c25f88bca6d76ab049f206fd9.jpg, https://salt.tikicdn.com/cache/w300/ts/product/e9/2d/ed/96cabf76a5abf898a6ad44b9b95d6061.jpg, https://salt.tikicdn.com/cache/w300/ts/product/c6/15/c1/653ed839cb5768691947743aac172717.jpg","https://salt.tikicdn.com/cache/200x280/ts/product/cf/bc/6b/14b0fcec65abc74cf015dfa6290ccc97.jpg, https://salt.tikicdn.com/cache/200x280/ts/product/af/4e/0a/7ac1480c25f88bca6d76ab049f206fd9.jpg, https://salt.tikicdn.com/cache/200x280/ts/product/e9/2d/ed/96cabf76a5abf898a6ad44b9b95d6061.jpg, https://salt.tikicdn.com/cache/200x280/ts/product/c6/15/c1/653ed839cb5768691947743aac172717.jpg","https://salt.tikicdn.com/cache/200x280/ts/product/cf/bc/6b/14b0fcec65abc74cf015dfa6290ccc97.jpg, https://salt.tikicdn.com/cache/200x280/ts/product/af/4e/0a/7ac1480c25f88bca6d76ab049f206fd9.jpg, https://salt.tikicdn.com/cache/200x280/ts/product/e9/2d/ed/96cabf76a5abf898a6ad44b9b95d6061.jpg, https://salt.tikicdn.com/cache/200x280/ts/product/c6/15/c1/653ed839cb5768691947743aac172717.jpg",1000,0
276739980,Uarchitects Xx Years,790000,Prepare to embark on a captivating journey through two decades of architectural brilliance as Misak Terzibasiyan takes you on an exploration of innovation and design mastery. This new book offers an i...,"Prepare to embark on a captivating journey through two decades of architectural brilliance as Misak Terzibasiyan takes you on an exploration of innovation and design mastery. This new book offers an intimate look into the author’s visionary mind and the work of his architectural studio, UArchitects (Urban Design & Archiects). Giá sản phẩm trên Tiki đã bao gồm thuế theo luật hiện hành. Bên cạnh đó, tuỳ vào loại sản phẩm, hình thức và địa chỉ giao hàng mà có thể phát sinh thêm chi phí khác như phí vận chuyển, phụ phí hàng cồng kềnh, thuế nhập khẩu (đối với đơn hàng giao từ nước ngoài có giá trị trên 1 triệu đồng).....",0,0,https://salt.tikicdn.com/ts/product/fd/10/69/7097db9ff3bd975759060e4393d53a0d.jpg,https://salt.tikicdn.com/cache/w1200/ts/product/fd/10/69/7097db9ff3bd975759060e4393d53a0d.jpg,https://salt.tikicdn.com/cache/w300/ts/product/fd/10/69/7097db9ff3bd975759060e4393d53a0d.jpg,https://salt.tikicdn.com/cache/200x280/ts/product/fd/10/69/7097db9ff3bd975759060e4393d53a0d.jpg,https://salt.tikicdn.com/cache/200x280/ts/product/fd/10/69/7097db9ff3bd975759060e4393d53a0d.jpg,1000,0
276737472,Belgian Architects Today,1950000,• Discover the projects of the 40 best contemporary top architects in Belgium • Including images and plans of impressive and modern architectural projects in Belgium and abroad • Includes an in-de...,"• Discover the projects of the 40 best contemporary top architects in Belgium • Including images and plans of impressive and modern architectural projects in Belgium and abroad • Includes an in-depth interview with minimalist top architect Vincent van Duysen Architecture writer Agata Toromanoff introduces Belgium's 40 most influential contemporary architects and a selection of their most celebrated buildings in full color photography. Belgian architects have been doing well for years and have international allure. This volume showcases works from the most famous Belgian architect-designers such as Vincent Van Duysen and EPRICUM to emerging architects such as Oyo Architects. Several pages are dedicated to each architect, outlining their influences and ideas and revealing the designs that have brought them fame. With this great reference work, you can discover the true extent of the creative achievements that lie within the careers of these architectural giants. Captivating biographies alongside breathtaking photos. A book that is both informative and beautiful. Text in English, Dutch and French. Giá sản phẩm trên Tiki đã bao gồm thuế theo luật hiện hành. Bên cạnh đó, tuỳ vào loại sản phẩm, hình thức và địa chỉ giao hàng mà có thể phát sinh thêm chi phí khác như phí vận chuyển, phụ phí hàng cồng kềnh, thuế nhập khẩu (đối với đơn hàng giao từ nước ngoài có giá trị trên 1 triệu đồng).....",0,0,https://salt.tikicdn.com/ts/product/80/d2/90/08a616367790318c4fabcf432acb92ee.jpg,https://salt.tikicdn.com/cache/w1200/ts/product/80/d2/90/08a616367790318c4fabcf432acb92ee.jpg,https://salt.tikicdn.com/cache/w300/ts/product/80/d2/90/08a616367790318c4fabcf432acb92ee.jpg,https://salt.tikicdn.com/cache/200x280/ts/product/80/d2/90/08a616367790318c4fabcf432acb92ee.jpg,https://salt.tikicdn.com/cache/200x280/ts/product/80/d2/90/08a616367790318c4fabcf432acb92ee.jpg,1000,0
276672265,"Architecture Concept Book An Inspirational Guide To Cre, The",1050000,"Architecture is a discipline that requires constant collaboration with the wider world, but too often architectural teaching and indeed building designs don't reflect this important fact. The Architec...","Architecture is a discipline that requires constant collaboration with the wider world, but too often architectural teaching and indeed building designs don't reflect this important fact. The Architecture Concept Book encourages the reader to look and think again, to draw inspiration widely and to consider the context in which the building will sit before putting pen to paper, or cursor to screen. Building on the success of the first edition, James Tait has updated his original text with introductions to each section that inspire further creative thinking and understanding. With 18 new pages and 5,000 extra words of text, this revised edition is the perfect way in to the ideas and fundamentals that govern an often impenetrable industry for anyone interested in our built environment. Giá sản phẩm trên Tiki đã bao gồm thuế theo luật hiện hành. Bên cạnh đó, tuỳ vào loại sản phẩm, hình thức và địa chỉ giao hàng mà có thể phát sinh thêm chi phí khác như phí vận chuyển, phụ phí hàng cồng kềnh, thuế nhập khẩu (đối với đơn hàng giao từ nước ngoài có giá trị trên 1 triệu đồng).....",0,0,"https://salt.tikicdn.com/ts/product/07/ea/f5/5deb08da9e6790113f4daf0cd79eab39.jpg, https://salt.tikicdn.com/ts/product/48/63/e6/b25c78562806113c8885e6b0b992ff7b.jpg, https://salt.tikicdn.com/ts/product/bd/24/3b/0a915ca4a1a7b98818ed7fd867ab995f.jpg, https://salt.tikicdn.com/ts/product/53/10/4b/19b1b13dcc53f5efe9f3d86f718ccc54.jpg, https://salt.tikicdn.com/ts/product/fd/bb/a2/772ef858b7d5b1d882e39f44302ae277.jpg","https://salt.tikicdn.com/cache/w1200/ts/product/07/ea/f5/5deb08da9e6790113f4daf0cd79eab39.jpg, https://salt.tikicdn.com/cache/w1200/ts/product/48/63/e6/b25c78562806113c8885e6b0b992ff7b.jpg, https://salt.tikicdn.com/cache/w1200/ts/product/bd/24/3b/0a915ca4a1a7b98818ed7fd867ab995f.jpg, https://salt.tikicdn.com/cache/w1200/ts/product/53/10/4b/19b1b13dcc53f5efe9f3d86f718ccc54.jpg, https://salt.tikicdn.com/cache/w1200/ts/product/fd/bb/a2/772ef858b7d5b1d882e39f44302ae277.jpg","https://salt.tikicdn.com/cache/w300/ts/product/07/ea/f5/5deb08da9e6790113f4daf0cd79eab39.jpg, https://salt.tikicdn.com/cache/w300/ts/product/48/63/e6/b25c78562806113c8885e6b0b992ff7b.jpg, https://salt.tikicdn.com/cache/w300/ts/product/bd/24/3b/0a915ca4a1a7b98818ed7fd867ab995f.jpg, https://salt.tikicdn.com/cache/w300/ts/product/53/10/4b/19b1b13dcc53f5efe9f3d86f718ccc54.jpg, https://salt.tikicdn.com/cache/w300/ts/product/fd/bb/a2/772ef858b7d5b1d882e39f44302ae277.jpg","https://salt.tikicdn.com/cache/200x280/ts/product/07/ea/f5/5deb08da9e6790113f4daf0cd79eab39.jpg, https://salt.tikicdn.com/cache/200x280/ts/product/48/63/e6/b25c78562806113c8885e6b0b992ff7b.jpg, https://salt.tikicdn.com/cache/200x280/ts/product/bd/24/3b/0a915ca4a1a7b98818ed7fd867ab995f.jpg, https://salt.tikicdn.com/cache/200x280/ts/product/53/10/4b/19b1b13dcc53f5efe9f3d86f718ccc54.jpg, https://salt.tikicdn.com/cache/200x280/ts/product/fd/bb/a2/772ef858b7d5b1d882e39f44302ae277.jpg","https://salt.tikicdn.com/cache/200x280/ts/product/07/ea/f5/5deb08da9e6790113f4daf0cd79eab39.jpg, https://salt.tikicdn.com/cache/200x280/ts/product/48/63/e6/b25c78562806113c8885e6b0b992ff7b.jpg, https://salt.tikicdn.com/cache/200x280/ts/product/bd/24/3b/0a915ca4a1a7b98818ed7fd867ab995f.jpg, https://salt.tikicdn.com/cache/200x280/ts/product/53/10/4b/19b1b13dcc53f5efe9f3d86f718ccc54.jpg, https://salt.tikicdn.com/cache/200x280/ts/product/fd/bb/a2/772ef858b7d5b1d882e39f44302ae277.jpg",1000,0
274544072,In House Mcinturff Architects,940000,"Showcases the work of US architectural firm, McInturff Architects....","Showcases the work of US architectural firm, McInturff Architects. Giá sản phẩm trên Tiki đã bao gồm thuế theo luật hiện hành. Bên cạnh đó, tuỳ vào loại sản phẩm, hình thức và địa chỉ giao hàng mà có thể phát sinh thêm chi phí khác như phí vận chuyển, phụ phí hàng cồng kềnh, thuế nhập khẩu (đối với đơn hàng giao từ nước ngoài có giá trị trên 1 triệu đồng).....",0,0,https://salt.tikicdn.com/ts/product/61/f8/f3/98ec6e2a4e5953151059729cff9b1366.jpg,https://salt.tikicdn.com/cache/w1200/ts/product/61/f8/f3/98ec6e2a4e5953151059729cff9b1366.jpg,https://salt.tikicdn.com/cache/w300/ts/product/61/f8/f3/98ec6e2a4e5953151059729cff9b1366.jpg,https://salt.tikicdn.com/cache/200x280/ts/product/61/f8/f3/98ec6e2a4e5953151059729cff9b1366.jpg,https://salt.tikicdn.com/cache/200x280/ts/product/61/f8/f3/98ec6e2a4e5953151059729cff9b1366.jpg,1000,0
274544035,Designing With Black : Architects & Interiors,1220000,"A collection of designs by Stephen Crafti showcasing black houses. Stephen Crafti has always been drawn to black houses, irrespective of the materials they are constructed in, be they zinc, timber...","A collection of designs by Stephen Crafti showcasing black houses. Stephen Crafti has always been drawn to black houses, irrespective of the materials they are constructed in, be they zinc, timber or simply painted. Unlike most houses, which scream for attention, black houses sit quietly, accentuating the often-verdant landscape. There is also a sense of calm and tranquillity with a black home. Crafti doesn't live in a black house, but he recently upgraded a 1930's home. 'Everything I touched was changed to black, from the timber fences to the timber floorboards'. He even added black curtains and planted black bearded irises in his garden. Using black seemed to unify disparate elements in and around his home. While there are numerous black features in Crafti's home, his ideal scenario would be to live in a contemporary black house, with black furniture and black walls. And maybe even a garden filled with black plants. This book, showcasing black houses, is the starting point to this goal and will be organised according to the following themes: Black Exteriors; Living in Black; Details of Black; Kitchens and Dining in Black; and In Black And White. SELLING POINTS: - Daring, dramatic and full of inspirational ideas - Features 34 stunning projects each with a full 6 pages devoted to it 400 col. Giá sản phẩm trên Tiki đã bao gồm thuế theo luật hiện hành. Bên cạnh đó, tuỳ vào loại sản phẩm, hình thức và địa chỉ giao hàng mà có thể phát sinh thêm chi phí khác như phí vận chuyển, phụ phí hàng cồng kềnh, thuế nhập khẩu (đối với đơn hàng giao từ nước ngoài có giá trị trên 1 triệu đồng).....",0,0,https://salt.tikicdn.com/ts/product/bf/af/73/5371649c354bef60026e737ac8265d9d.jpg,https://salt.tikicdn.com/cache/w1200/ts/product/bf/af/73/5371649c354bef60026e737ac8265d9d.jpg,https://salt.tikicdn.com/cache/w300/ts/product/bf/af/73/5371649c354bef60026e737ac8265d9d.jpg,https://salt.tikicdn.com/cache/200x280/ts/product/bf/af/73/5371649c354bef60026e737ac8265d9d.jpg,https://salt.tikicdn.com/cache/200x280/ts/product/bf/af/73/5371649c354bef60026e737ac8265d9d.jpg,1000,0
273596438,Artbook - Sách Tiếng Anh - A+PLUS - Small Competition & Project. No 1,1460000,"Cuốn sách này là một tập hợp các dự án kiến trúc nhỏ nhưng đầy sáng tạo và chất lượng của các kiến trúc sư trẻ từ khắp nơi trên thế giới. Cuốn sách không chỉ giới thiệu về thiết kế, mặt bằng, đồ họa, ...","Cuốn sách này là một tập hợp các dự án kiến trúc nhỏ nhưng đầy sáng tạo và chất lượng của các kiến trúc sư trẻ từ khắp nơi trên thế giới. Cuốn sách không chỉ giới thiệu về thiết kế, mặt bằng, đồ họa, mà còn phân tích về ý tưởng, nguyên lý và triết lý đằng sau từng dự án. Đây là một nguồn cảm hứng và tham khảo quý báu cho những ai yêu thích và theo đuổi nghề kiến trúc. Trong cuốn sách này, bạn sẽ được chiêm ngưỡng những công trình kiến trúc độc đáo và ấn tượng như: Nhà hàng The Rock ở Zanzibar, được xây dựng trên một hòn đá giữa biển; Nhà ở The Cube ở Rotterdam, có hình dạng như những khối lập phương nghiêng ngả; Nhà thờ The Chapel ở Hà Nội, được thiết kế theo phong cách hiện đại và tối giản; hay Nhà hàng The Treehouse ở Auckland, có hình dạng như một ngôi nhà trên cây khổng lồ. Mỗi dự án đều mang một thông điệp và ý nghĩa riêng, thể hiện sự kết hợp hài hòa giữa con người, thiên nhiên và văn hóa. Giá sản phẩm trên Tiki đã bao gồm thuế theo luật hiện hành. Bên cạnh đó, tuỳ vào loại sản phẩm, hình thức và địa chỉ giao hàng mà có thể phát sinh thêm chi phí khác như phí vận chuyển, phụ phí hàng cồng kềnh, thuế nhập khẩu (đối với đơn hàng giao từ nước ngoài có giá trị trên 1 triệu đồng).....",0,0,https://salt.tikicdn.com/ts/product/2b/76/ba/f8352d10bba968e15ebf376e7676a71d.jpg,https://salt.tikicdn.com/cache/w1200/ts/product/2b/76/ba/f8352d10bba968e15ebf376e7676a71d.jpg,https://salt.tikicdn.com/cache/w300/ts/product/2b/76/ba/f8352d10bba968e15ebf376e7676a71d.jpg,https://salt.tikicdn.com/cache/200x280/ts/product/2b/76/ba/f8352d10bba968e15ebf376e7676a71d.jpg,https://salt.tikicdn.com/cache/200x280/ts/product/2b/76/ba/f8352d10bba968e15ebf376e7676a71d.jpg,1000,0
273304098,"Architecture 101: From Frank Gehry to Ziggurats, an Essential Guide to Building Styles and Materials",349000,"A crash course in designing and constructing buildingsToo often, textbooks turn the noteworthy details of architecture into tedious discourse that would put even Frank Gehry to sleep. Architecture 101...","A crash course in designing and constructing buildings Too often, textbooks turn the noteworthy details of architecture into tedious discourse that would put even Frank Gehry to sleep. Architecture 101 cuts out the boring explanations, and instead provides a hands-on lesson that keeps you engaged as you explore the world's greatest structures. Featuring only the most important facts, building styles, and architects, you'll enjoy uncovering the remarkable world of architecture with this book. Inside, you'll also find fascinating elements like: Illustrations of popular building styles, such as Georgian and Greek Revival Drawings of the essential parts of different buildings Unique profiles of the most inspirational figures in architecture From Norman Foster and Frank Lloyd Wright to the Beauvais Cathedral and the Empire State Building, Architecture 101 is packed with hundreds of entertaining architecture tidbits that you can't get anywhere else! Giá sản phẩm trên Tiki đã bao gồm thuế theo luật hiện hành. Bên cạnh đó, tuỳ vào loại sản phẩm, hình thức và địa chỉ giao hàng mà có thể phát sinh thêm chi phí khác như phí vận chuyển, phụ phí hàng cồng kềnh, thuế nhập khẩu (đối với đơn hàng giao từ nước ngoài có giá trị trên 1 triệu đồng).....",5,1,https://salt.tikicdn.com/ts/product/6a/c9/24/160888ad16c98c0aa8a192b331ac6bcf.jpg,https://salt.tikicdn.com/cache/w1200/ts/product/6a/c9/24/160888ad16c98c0aa8a192b331ac6bcf.jpg,https://salt.tikicdn.com/cache/w300/ts/product/6a/c9/24/160888ad16c98c0aa8a192b331ac6bcf.jpg,https://salt.tikicdn.com/cache/200x280/ts/product/6a/c9/24/160888ad16c98c0aa8a192b331ac6bcf.jpg,https://salt.tikicdn.com/cache/200x280/ts/product/6a/c9/24/160888ad16c98c0aa8a192b331ac6bcf.jpg,1000,1
270394936,Artbook - Sách Tiếng Anh - Workstead: Interiors of Beauty and Necessity,1690000,"Studio thiết kế Workstead có trụ sở tại Brooklyn tinh tế kết hợp hoàn hảo giữa nguồn cảm hứng truyền thống và sự thanh lịch hiện đại.Workstead thiết kế các nội thất và sản phẩm độc đáo, cân bằng giữa...","Studio thiết kế Workstead có trụ sở tại Brooklyn tinh tế kết hợp hoàn hảo giữa nguồn cảm hứng truyền thống và sự thanh lịch hiện đại. Workstead thiết kế các nội thất và sản phẩm độc đáo, cân bằng giữa vẻ đẹp và cần thiết, và cuốn sách này trình bày một sự kết hợp đặc biệt của các công trình phục hồi lịch sử đặc sắc và các kiến trúc xây dựng mới đầy sáng tạo nhưng tinh tế. Trong thập kỷ qua, công ty thiết kế đa ngành này đã thu hút được sự tán dương nhanh chóng và rộng rãi cho cả nội thất dành cho ngôi nhà cũng như các dự án quy mô lớn, như khách sạn Wythe ở Brooklyn và khách sạn Rivertown Lodge ở Hudson, New York. Trong tất cả các dự án, Workstead xem xét cả khách hàng và cộng đồng, làm việc cùng các nghệ nhân địa phương để tạo ra các nội thất, kiến trúc và thiết kế nội thất hiện đại tỉ mỉ, ảnh hưởng bởi lịch sử. Như Tạp chí phong cách T: The New York Times đã nói, Workstead ""được biết đến như là những người gom góp tinh tế, vây quanh mình những đối tượng có câu chuyện để kể"", và mô tả triết lý thiết kế tập thể của họ là ""một phiên bản ấm cúng, cập nhật của hình tượng dân Mỹ thời kỳ đầu, với sàn gỗ dạng ván và sự kết hợp giữa đồ cổ và nội thất tùy chỉnh tinh tế gần như theo phong cách Scandinavia với sự kiêu hãnh."" Giá sản phẩm trên Tiki đã bao gồm thuế theo luật hiện hành. Bên cạnh đó, tuỳ vào loại sản phẩm, hình thức và địa chỉ giao hàng mà có thể phát sinh thêm chi phí khác như phí vận chuyển, phụ phí hàng cồng kềnh, thuế nhập khẩu (đối với đơn hàng giao từ nước ngoài có giá trị trên 1 triệu đồng).....",0,0,https://salt.tikicdn.com/ts/product/a6/1e/40/73c74a3ea6675281c88104b0f8d621c1.jpg,https://salt.tikicdn.com/cache/w1200/ts/product/a6/1e/40/73c74a3ea6675281c88104b0f8d621c1.jpg,https://salt.tikicdn.com/cache/w300/ts/product/a6/1e/40/73c74a3ea6675281c88104b0f8d621c1.jpg,https://salt.tikicdn.com/cache/200x280/ts/product/a6/1e/40/73c74a3ea6675281c88104b0f8d621c1.jpg,https://salt.tikicdn.com/cache/200x280/ts/product/a6/1e/40/73c74a3ea6675281c88104b0f8d621c1.jpg,1000,0
270375854,Artbook - Sách Tiếng Anh - Under the Sun: Around the World in 21 Houses,1690000,"Những công thức phức tạp, dễ tiếp cận với sự phong cách quốc tế từ đôi đầu bếp hấp dẫn nhất trong làng ẩm thực Paris, sẽ gây ấn tượng với bất kỳ người yêu ẩm thực nào tại bữa tiệc tối kế tiếp của bạn....","Những công thức phức tạp, dễ tiếp cận với sự phong cách quốc tế từ đôi đầu bếp hấp dẫn nhất trong làng ẩm thực Paris, sẽ gây ấn tượng với bất kỳ người yêu ẩm thực nào tại bữa tiệc tối kế tiếp của bạn. Những người sành ăn khó tính, không cần tìm kiếm xa. Trình bày bởi Shirley Garrier và Mathieu Zouhairi, đôi đứng sau The Social Food, cuốn sách nấu ăn tuyệt đẹp này là sách hướng dẫn cần có cho bất kỳ ai muốn nắm vững cách mua sắm, chuẩn bị và đặc biệt là thưởng thức đồ ăn ngon lành của họ. Lấy cảm hứng từ tình yêu du lịch của họ, phong cách nấu ăn đương đại của họ được tăng cường bởi các thành phần và kỹ thuật mang về từ nhiều chuyến hành trình của họ. Kết hợp truyền thống ẩm thực Pháp, Nhật Bản, Việt Nam, Ý và Tây Ban Nha, mỗi công thức mang trong mình hương vị phức tạp mà vẫn yêu cầu sự cố gắng tối thiểu bằng cách sử dụng các thành phần đơn giản, hàng ngày mà bất kỳ ai cũng có thể tìm thấy. Với sandwich, cơm, súp, cá, món tráng miệng, mỳ, cocktail và nhiều hơn thế nữa, những món ăn động lực này tỏa sáng với sự tươi mát và sự sôi động. Những hình ảnh đẹp mắt về các thành phần và cửa hàng thực phẩm địa phương được chụp trong những chuyến du lịch của đôi đứng sau nhấn mạnh các món ăn. Từ bánh mỳ sardine banh mi và món nấu nấm rigatoni đến mỳ ramen với rau mùa đông và bánh phô mai cháy với sô cô la đen và mezcal, mỗi món ăn đều được điều chỉnh hoàn hảo cho những đầu bếp đã có kinh nghiệm và người đầu bếp nghiệp dư tại nhà. Đây là thực phẩm sẽ đảm bảo ""Wow, thật là tuyệt vời!"" tại buổi tụ tập tiếp theo của bạn. Giá sản phẩm trên Tiki đã bao gồm thuế theo luật hiện hành. Bên cạnh đó, tuỳ vào loại sản phẩm, hình thức và địa chỉ giao hàng mà có thể phát sinh thêm chi phí khác như phí vận chuyển, phụ phí hàng cồng kềnh, thuế nhập khẩu (đối với đơn hàng giao từ nước ngoài có giá trị trên 1 triệu đồng).....",0,0,https://salt.tikicdn.com/ts/product/44/72/40/547a420871dd8c970b7f5710d64f270b.jpg,https://salt.tikicdn.com/cache/w1200/ts/product/44/72/40/547a420871dd8c970b7f5710d64f270b.jpg,https://salt.tikicdn.com/cache/w300/ts/product/44/72/40/547a420871dd8c970b7f5710d64f270b.jpg,https://salt.tikicdn.com/cache/200x280/ts/product/44/72/40/547a420871dd8c970b7f5710d64f270b.jpg,https://salt.tikicdn.com/cache/200x280/ts/product/44/72/40/547a420871dd8c970b7f5710d64f270b.jpg,1000,0
263440241,Artbook - Sách Tiếng Anh - 13 Ways of Looking at a House,1230000,"13 Cách Xem Nhà là một cuốn sách dễ tiếp cận và phổ quát - mọi người đều có cảm giác về ngôi nhà của mình. Cuốn sách bao gồm 13 văn bản về các mảnh ghép trong nhà tạo nên ngôi nhà, sơ đồ so sánh, số l...","13 Cách Xem Nhà là một cuốn sách dễ tiếp cận và phổ quát - mọi người đều có cảm giác về ngôi nhà của mình. Cuốn sách bao gồm 13 văn bản về các mảnh ghép trong nhà tạo nên ngôi nhà, sơ đồ so sánh, số liệu xây dựng và giai thoại, ảnh không chính thức và chi tiết cấu trúc, tất cả đều nhằm mục đích tháo rời ngôi nhà để lắp ráp lại. For reasons both obvious and mysterious, even as our cultural and social constructions of domesticity change, the house remains a fundamental site for advancing modern architectural theory and practice: because it accommodates a full diurnal and annual cycle of life, and because it intricately stages ritual and routine, this most private of programs has become a medium of publicity and polemic. 13 Ways of Looking at a House both participates in and critiques this contemporary tradition. The reader's attention in this examination is directed not only to LEVENBETTS' houses, but to all houses, and all parts of houses - pieces of home and rhetorics of domesticity that show up in our collective memory: from a stolen moment on a staircase in a John Cassavetes film, to the sturdy knife-edged contractor modernism of suburban late to mid-20th century America. 13 Ways of Looking at a House is an accessible and universal book - everyone has a sense of home. The book includes 13 texts on domestic pieces that make up the house, comparative diagrams, construction metrics and anecdotes, informal photos, and structural details all in the interest of taking the house apart in order to put it back together. Giá sản phẩm trên Tiki đã bao gồm thuế theo luật hiện hành. Bên cạnh đó, tuỳ vào loại sản phẩm, hình thức và địa chỉ giao hàng mà có thể phát sinh thêm chi phí khác như phí vận chuyển, phụ phí hàng cồng kềnh, thuế nhập khẩu (đối với đơn hàng giao từ nước ngoài có giá trị trên 1 triệu đồng).....",0,0,https://salt.tikicdn.com/ts/product/3d/11/ce/694830253f684ce6999d519caed6ad63.jpg,https://salt.tikicdn.com/cache/w1200/ts/product/3d/11/ce/694830253f684ce6999d519caed6ad63.jpg,https://salt.tikicdn.com/cache/w300/ts/product/3d/11/ce/694830253f684ce6999d519caed6ad63.jpg,https://salt.tikicdn.com/cache/200x280/ts/product/3d/11/ce/694830253f684ce6999d519caed6ad63.jpg,https://salt.tikicdn.com/cache/200x280/ts/product/3d/11/ce/694830253f684ce6999d519caed6ad63.jpg,1000,0
249780667,Exploring Bangkok: An Architectural and Historical Guidebook,600000,"Hơn 300 tòa nhà và cấu trúc được minh họa và mô tả, đặc trưng cho sự xuất sắc về kiến trúc, ý nghĩa lịch sử hoặc vì chúng đại diện cho xu hướng thiết kế, sự phát triển hoặc thay đổi xã hội. Khám phá B...","Hơn 300 tòa nhà và cấu trúc được minh họa và mô tả, đặc trưng cho sự xuất sắc về kiến trúc, ý nghĩa lịch sử hoặc vì chúng đại diện cho xu hướng thiết kế, sự phát triển hoặc thay đổi xã hội. Khám phá Bangkok là người bạn đồng hành hoàn hảo cho những du khách tò mò, những người đam mê kiến trúc, nhà thiết kế và cư dân. Exploring Bangkok has eight tours some walkable, others by skytrain, metro and Chao Phraya riverboat which make sense of the city s complexity and reveal its variety of outstanding buildings, from the breathtaking to the bizarre. There are historic gems built by Chakri monarchs, glittering Buddhist temples, glitzy shopping malls, Italianate palazzi, Art Nouveau villas, Chinese shophouses, the Robot Building and modernist and Roman style skyscrapers. The book s lively and authoritative text explains who built them, when and why. More than 300 buildings and structures are illustrated and described, featured for their architectural excellence, historical significance or because they represent design trends, development or social change. Exploring Bangkok is the perfect companion for curious visitors, architectural enthusiasts, designers and residents. Giá sản phẩm trên Tiki đã bao gồm thuế theo luật hiện hành. Bên cạnh đó, tuỳ vào loại sản phẩm, hình thức và địa chỉ giao hàng mà có thể phát sinh thêm chi phí khác như phí vận chuyển, phụ phí hàng cồng kềnh, thuế nhập khẩu (đối với đơn hàng giao từ nước ngoài có giá trị trên 1 triệu đồng).....",0,0,https://salt.tikicdn.com/ts/product/84/50/16/4a684ca814aa9d05c31dd4c88dc38b62.jpg,https://salt.tikicdn.com/cache/w1200/ts/product/84/50/16/4a684ca814aa9d05c31dd4c88dc38b62.jpg,https://salt.tikicdn.com/cache/w300/ts/product/84/50/16/4a684ca814aa9d05c31dd4c88dc38b62.jpg,https://salt.tikicdn.com/cache/200x280/ts/product/84/50/16/4a684ca814aa9d05c31dd4c88dc38b62.jpg,https://salt.tikicdn.com/cache/200x280/ts/product/84/50/16/4a684ca814aa9d05c31dd4c88dc38b62.jpg,1000,0
249577877,Artbook - Sách Tiếng Anh - Andrew Martin Interior Design Review : Vol. 24,1740000,"•The 24th edition of the bible of interior design, showcasing the work of 100 designers from around the world Discover the most popular and pioneering interior design trends in this lavish 24th edit...","•The 24th edition of the bible of interior design, showcasing the work of 100 designers from around the world Discover the most popular and pioneering interior design trends in this lavish 24th edition of the ""Bible of the Interior Design World"" (The London Times). ""Home is where the Heart is"" — but please make it comfortable and stylishly furnished. Andrew Martin Interior Design Review delivers fresh interiors inspiration on over 500 pages. In Volume 24, the most varied and current design trends are shown: from vintage to modern, from Scandinavian sleek to opulent grandeur. Also presented is the ""Designer of the Year"", which is awarded by Andrew Martin as every year. Immerse yourself in the world of varied designs and be inspired by the individual ideas of the well-known interior designers. Founded in 1978 by Martin Waller, the company is known for its extraordinary style and the striking ideas of designers from all over the world. The richly illustrated annual review, with its bountiful range of home decor styles, colors and designs, is the best source of information for beginners, enthusiasts, and professionals alike. Winners: Daun Curry, USA - Ohara Davies-Gaetano, USA - Erin Martin, USA - Nicky Haslam, UK - Steve Leung, Hong Kong - Jorge Canete, Switzerland - Rose Uniacke, UK - One Plus Partnership, Hong Kong - Rabih Hage, Lebanon - Martyn Lawrence-Bullard, USA - Axel Vervoordt, Belgium - Kit Kemp, UK - Helene Forbes Hennie, Norway - Taylor Howes, UK - Tara Bernerd, UK - Jamie Drake, USA - Zeynep Fadillioglu, Turkey - Amanda Rosa, UK - Jean de Meulder, Belgium - Stephen Falcke, S.Africa - Michael Reeves, UK - Thomas Pheasant, USA - Kelly Hoppen, UK Giá sản phẩm trên Tiki đã bao gồm thuế theo luật hiện hành. Bên cạnh đó, tuỳ vào loại sản phẩm, hình thức và địa chỉ giao hàng mà có thể phát sinh thêm chi phí khác như phí vận chuyển, phụ phí hàng cồng kềnh, thuế nhập khẩu (đối với đơn hàng giao từ nước ngoài có giá trị trên 1 triệu đồng).....",5,1,"https://salt.tikicdn.com/ts/product/be/03/6f/bdfa9a535746c5fc2c01297310228b10.jpg, https://salt.tikicdn.com/ts/product/f4/0d/55/d48bbfb4edba51794c673f033764cfa9.jpg, https://salt.tikicdn.com/ts/product/0e/0b/9b/58e5711b2bbb5ed441cd42d4e6084822.jpg, https://salt.tikicdn.com/ts/product/99/55/00/3944f9c3dc45aba254207e0348f7d2b3.jpg","https://salt.tikicdn.com/cache/w1200/ts/product/be/03/6f/bdfa9a535746c5fc2c01297310228b10.jpg, https://salt.tikicdn.com/cache/w1200/ts/product/f4/0d/55/d48bbfb4edba51794c673f033764cfa9.jpg, https://salt.tikicdn.com/cache/w1200/ts/product/0e/0b/9b/58e5711b2bbb5ed441cd42d4e6084822.jpg, https://salt.tikicdn.com/cache/w1200/ts/product/99/55/00/3944f9c3dc45aba254207e0348f7d2b3.jpg","https://salt.tikicdn.com/cache/w300/ts/product/be/03/6f/bdfa9a535746c5fc2c01297310228b10.jpg, https://salt.tikicdn.com/cache/w300/ts/product/f4/0d/55/d48bbfb4edba51794c673f033764cfa9.jpg, https://salt.tikicdn.com/cache/w300/ts/product/0e/0b/9b/58e5711b2bbb5ed441cd42d4e6084822.jpg, https://salt.tikicdn.com/cache/w300/ts/product/99/55/00/3944f9c3dc45aba254207e0348f7d2b3.jpg","https://salt.tikicdn.com/cache/200x280/ts/product/be/03/6f/bdfa9a535746c5fc2c01297310228b10.jpg, https://salt.tikicdn.com/cache/200x280/ts/product/f4/0d/55/d48bbfb4edba51794c673f033764cfa9.jpg, https://salt.tikicdn.com/cache/200x280/ts/product/0e/0b/9b/58e5711b2bbb5ed441cd42d4e6084822.jpg, https://salt.tikicdn.com/cache/200x280/ts/product/99/55/00/3944f9c3dc45aba254207e0348f7d2b3.jpg","https://salt.tikicdn.com/cache/200x280/ts/product/be/03/6f/bdfa9a535746c5fc2c01297310228b10.jpg, https://salt.tikicdn.com/cache/200x280/ts/product/f4/0d/55/d48bbfb4edba51794c673f033764cfa9.jpg, https://salt.tikicdn.com/cache/200x280/ts/product/0e/0b/9b/58e5711b2bbb5ed441cd42d4e6084822.jpg, https://salt.tikicdn.com/cache/200x280/ts/product/99/55/00/3944f9c3dc45aba254207e0348f7d2b3.jpg",1000,1
215263957,Thai Modern Interior 01,1300000,"Trong cuốn sách này, bạn sẽ tìm thấy các tác phẩm thiết kế nội thất nói về văn hóa, con người và các đồ vật phản ánh xã hội hiện đại năng động của chính chúng ta mà tất cả chúng ta đang sống ngày nay....","Trong cuốn sách này, bạn sẽ tìm thấy các tác phẩm thiết kế nội thất nói về văn hóa, con người và các đồ vật phản ánh xã hội hiện đại năng động của chính chúng ta mà tất cả chúng ta đang sống ngày nay. Nó cũng phản ánh sở thích của nhà thiết kế về nghệ thuật, thời trang, phụ kiện, ẩm thực và du lịch cũng như nhiều khía cạnh khác trong cuộc sống. Xuyên suốt mỗi tác phẩm tiêu biểu, bạn sẽ bắt gặp hai điểm chung của chúng: chất lượng và sự sáng tạo. Chất lượng là một đặc điểm không đòi hỏi nhiều tiền để đạt được, nhưng một sản phẩm thể hiện sự sáng tạo của nhà thiết kế đòi hỏi sự đầu tư rất lớn về thời gian và công sức quý báu của họ. Thai Modern Interior nhằm mục đích khám phá sự sáng tạo như vậy và chia sẻ nó với thế giới. In this book, you will find interior design works that are all about culture, people and the objects that reflect our own dynamic modern society we all live in today. It also reflects our designer s interests in art, fashion, accessories, food and travel as well as many other aspects in life. Throughout each of the featured works, you will come across two things they all have in common: quality and creativity. Quality is a trait that does not require a great amount of money to achieve, but a product that shows the designer s creativity requires a great deal of investment of their precious time and effort. Thai Modern Interior aims to uncover such creativity and share it with the world. Giá sản phẩm trên Tiki đã bao gồm thuế theo luật hiện hành. Bên cạnh đó, tuỳ vào loại sản phẩm, hình thức và địa chỉ giao hàng mà có thể phát sinh thêm chi phí khác như phí vận chuyển, phụ phí hàng cồng kềnh, thuế nhập khẩu (đối với đơn hàng giao từ nước ngoài có giá trị trên 1 triệu đồng).....",0,0,"https://salt.tikicdn.com/ts/product/c4/3f/d3/5dfae35573e007f5498b3336f7be0722.jpg, https://salt.tikicdn.com/ts/product/47/06/a9/ed830df05cddb13edcec668dfc0f62d6.jpg, https://salt.tikicdn.com/ts/product/18/85/f9/bcd6a2c5c73214c82735b9025d85052f.jpg, https://salt.tikicdn.com/ts/product/b5/f1/15/36b41ef75eb67d541d4fd7f7ecb7f555.jpg, https://salt.tikicdn.com/ts/product/c0/d8/dc/dae75daf307c6b34a608fcd036edbb5b.jpg, https://salt.tikicdn.com/ts/product/55/ae/10/e7500399d336b91056e43d6d06848574.jpg, https://salt.tikicdn.com/ts/product/c5/90/6e/2f576a8b8854fed84654838ca99d1596.jpg, https://salt.tikicdn.com/ts/product/56/f1/f7/bb9bbd81205c84fa26be0e89624c8744.jpg","https://salt.tikicdn.com/cache/w1200/ts/product/c4/3f/d3/5dfae35573e007f5498b3336f7be0722.jpg, https://salt.tikicdn.com/cache/w1200/ts/product/47/06/a9/ed830df05cddb13edcec668dfc0f62d6.jpg, https://salt.tikicdn.com/cache/w1200/ts/product/18/85/f9/bcd6a2c5c73214c82735b9025d85052f.jpg, https://salt.tikicdn.com/cache/w1200/ts/product/b5/f1/15/36b41ef75eb67d541d4fd7f7ecb7f555.jpg, https://salt.tikicdn.com/cache/w1200/ts/product/c0/d8/dc/dae75daf307c6b34a608fcd036edbb5b.jpg, https://salt.tikicdn.com/cache/w1200/ts/product/55/ae/10/e7500399d336b91056e43d6d06848574.jpg, https://salt.tikicdn.com/cache/w1200/ts/product/c5/90/6e/2f576a8b8854fed84654838ca99d1596.jpg, https://salt.tikicdn.com/cache/w1200/ts/product/56/f1/f7/bb9bbd81205c84fa26be0e89624c8744.jpg","https://salt.tikicdn.com/cache/w300/ts/product/c4/3f/d3/5dfae35573e007f5498b3336f7be0722.jpg, https://salt.tikicdn.com/cache/w300/ts/product/47/06/a9/ed830df05cddb13edcec668dfc0f62d6.jpg, https://salt.tikicdn.com/cache/w300/ts/product/18/85/f9/bcd6a2c5c73214c82735b9025d85052f.jpg, https://salt.tikicdn.com/cache/w300/ts/product/b5/f1/15/36b41ef75eb67d541d4fd7f7ecb7f555.jpg, https://salt.tikicdn.com/cache/w300/ts/product/c0/d8/dc/dae75daf307c6b34a608fcd036edbb5b.jpg, https://salt.tikicdn.com/cache/w300/ts/product/55/ae/10/e7500399d336b91056e43d6d06848574.jpg, https://salt.tikicdn.com/cache/w300/ts/product/c5/90/6e/2f576a8b8854fed84654838ca99d1596.jpg, https://salt.tikicdn.com/cache/w300/ts/product/56/f1/f7/bb9bbd81205c84fa26be0e89624c8744.jpg","https://salt.tikicdn.com/cache/200x280/ts/product/c4/3f/d3/5dfae35573e007f5498b3336f7be0722.jpg, https://salt.tikicdn.com/cache/200x280/ts/product/47/06/a9/ed830df05cddb13edcec668dfc0f62d6.jpg, https://salt.tikicdn.com/cache/200x280/ts/product/18/85/f9/bcd6a2c5c73214c82735b9025d85052f.jpg, https://salt.tikicdn.com/cache/200x280/ts/product/b5/f1/15/36b41ef75eb67d541d4fd7f7ecb7f555.jpg, https://salt.tikicdn.com/cache/200x280/ts/product/c0/d8/dc/dae75daf307c6b34a608fcd036edbb5b.jpg, https://salt.tikicdn.com/cache/200x280/ts/product/55/ae/10/e7500399d336b91056e43d6d06848574.jpg, https://salt.tikicdn.com/cache/200x280/ts/product/c5/90/6e/2f576a8b8854fed84654838ca99d1596.jpg, https://salt.tikicdn.com/cache/200x280/ts/product/56/f1/f7/bb9bbd81205c84fa26be0e89624c8744.jpg","https://salt.tikicdn.com/cache/200x280/ts/product/c4/3f/d3/5dfae35573e007f5498b3336f7be0722.jpg, https://salt.tikicdn.com/cache/200x280/ts/product/47/06/a9/ed830df05cddb13edcec668dfc0f62d6.jpg, https://salt.tikicdn.com/cache/200x280/ts/product/18/85/f9/bcd6a2c5c73214c82735b9025d85052f.jpg, https://salt.tikicdn.com/cache/200x280/ts/product/b5/f1/15/36b41ef75eb67d541d4fd7f7ecb7f555.jpg, https://salt.tikicdn.com/cache/200x280/ts/product/c0/d8/dc/dae75daf307c6b34a608fcd036edbb5b.jpg, https://salt.tikicdn.com/cache/200x280/ts/product/55/ae/10/e7500399d336b91056e43d6d06848574.jpg, https://salt.tikicdn.com/cache/200x280/ts/product/c5/90/6e/2f576a8b8854fed84654838ca99d1596.jpg, https://salt.tikicdn.com/cache/200x280/ts/product/56/f1/f7/bb9bbd81205c84fa26be0e89624c8744.jpg",1000,0
212356426,China Style,970000,"Với hơn 300 bức ảnh đẹp và bình luận sâu rộng, China Style pha trộn các thiết kế sang trọng của Trung Quốc hiện đại với sự nhạy cảm của nghệ thuật truyền thống Trung Quốc.Một cuốn sách ý tưởng tuyệt ...","Với hơn 300 bức ảnh đẹp và bình luận sâu rộng, China Style pha trộn các thiết kế sang trọng của Trung Quốc hiện đại với sự nhạy cảm của nghệ thuật truyền thống Trung Quốc. Một cuốn sách ý tưởng tuyệt đẹp, China Style minh họa một cách thực tế và khả thi để kết hợp các ý tưởng thiết kế nội thất truyền thống và đương đại của Trung Quốc vào trang trí ngôi nhà của riêng bạn. Featuring over 300 beautiful photographs and extensive commentary, China Style blends the chic designs of modern China with the sensibilities of traditional Chinese art. Chinese interior design is a kaleidoscope of competing influences: scholarly gardens versus opium dens, imperial palaces battling concrete and steel high-rises, rural simplicity fighting urban chaos, China Style gives an insider's look at the interiors that draw from this vivid and powerful tradition, a tradition that is constantly being reinterpreted to produce a fresh and dynamic style of contemporary design. A gorgeous idea book, China Style illustrates a practical and achievable way to incorporate traditional and contemporary Chinese interior design ideas into your own home decor. The exquisite houses featured in this book demonstrate that Chinese design has truly gone global. Author Sharon Leece explores how contemporary interiors anywhere in the world today--whether in London, Paris, Shanghai, Beijing, New York, Los Angeles, Hong Kong, Singapore or Bangkok--can be given a dramatic flair with Chinese furniture and design. Giá sản phẩm trên Tiki đã bao gồm thuế theo luật hiện hành. Bên cạnh đó, tuỳ vào loại sản phẩm, hình thức và địa chỉ giao hàng mà có thể phát sinh thêm chi phí khác như phí vận chuyển, phụ phí hàng cồng kềnh, thuế nhập khẩu (đối với đơn hàng giao từ nước ngoài có giá trị trên 1 triệu đồng).....",0,0,"https://salt.tikicdn.com/ts/product/8b/cd/a7/e61eb9ccd4aa751e9a4a1d1918f883c2.jpg, https://salt.tikicdn.com/ts/product/80/5f/02/969bb7821613f249a9f29080fcdd6a34.jpg, https://salt.tikicdn.com/ts/product/73/80/50/16b1037e24322c44d8186d0afb4e5cd9.jpg, https://salt.tikicdn.com/ts/product/4c/f4/39/356194882647daea24f2940e43858d18.jpg, https://salt.tikicdn.com/ts/product/5c/e1/c4/cb677987155eec1444da2fa1d354207a.jpg, https://salt.tikicdn.com/ts/product/0c/c2/0f/58d5e31638a4d55db5a6be39e1ed0fc6.jpg, https://salt.tikicdn.com/ts/product/60/e5/93/dc01784540108ab6dcaf62a78f2347ae.jpg, https://salt.tikicdn.com/ts/product/0b/1a/b2/7ae64f1956f2200ce76e1e41e9beed56.jpg, https://salt.tikicdn.com/ts/product/9d/f0/b6/cc70161c06cf5bb437b1e35f94beaa70.jpg","https://salt.tikicdn.com/cache/w1200/ts/product/8b/cd/a7/e61eb9ccd4aa751e9a4a1d1918f883c2.jpg, https://salt.tikicdn.com/cache/w1200/ts/product/80/5f/02/969bb7821613f249a9f29080fcdd6a34.jpg, https://salt.tikicdn.com/cache/w1200/ts/product/73/80/50/16b1037e24322c44d8186d0afb4e5cd9.jpg, https://salt.tikicdn.com/cache/w1200/ts/product/4c/f4/39/356194882647daea24f2940e43858d18.jpg, https://salt.tikicdn.com/cache/w1200/ts/product/5c/e1/c4/cb677987155eec1444da2fa1d354207a.jpg, https://salt.tikicdn.com/cache/w1200/ts/product/0c/c2/0f/58d5e31638a4d55db5a6be39e1ed0fc6.jpg, https://salt.tikicdn.com/cache/w1200/ts/product/60/e5/93/dc01784540108ab6dcaf62a78f2347ae.jpg, https://salt.tikicdn.com/cache/w1200/ts/product/0b/1a/b2/7ae64f1956f2200ce76e1e41e9beed56.jpg, https://salt.tikicdn.com/cache/w1200/ts/product/9d/f0/b6/cc70161c06cf5bb437b1e35f94beaa70.jpg","https://salt.tikicdn.com/cache/w300/ts/product/8b/cd/a7/e61eb9ccd4aa751e9a4a1d1918f883c2.jpg, https://salt.tikicdn.com/cache/w300/ts/product/80/5f/02/969bb7821613f249a9f29080fcdd6a34.jpg, https://salt.tikicdn.com/cache/w300/ts/product/73/80/50/16b1037e24322c44d8186d0afb4e5cd9.jpg, https://salt.tikicdn.com/cache/w300/ts/product/4c/f4/39/356194882647daea24f2940e43858d18.jpg, https://salt.tikicdn.com/cache/w300/ts/product/5c/e1/c4/cb677987155eec1444da2fa1d354207a.jpg, https://salt.tikicdn.com/cache/w300/ts/product/0c/c2/0f/58d5e31638a4d55db5a6be39e1ed0fc6.jpg, https://salt.tikicdn.com/cache/w300/ts/product/60/e5/93/dc01784540108ab6dcaf62a78f2347ae.jpg, https://salt.tikicdn.com/cache/w300/ts/product/0b/1a/b2/7ae64f1956f2200ce76e1e41e9beed56.jpg, https://salt.tikicdn.com/cache/w300/ts/product/9d/f0/b6/cc70161c06cf5bb437b1e35f94beaa70.jpg","https://salt.tikicdn.com/cache/200x280/ts/product/8b/cd/a7/e61eb9ccd4aa751e9a4a1d1918f883c2.jpg, https://salt.tikicdn.com/cache/200x280/ts/product/80/5f/02/969bb7821613f249a9f29080fcdd6a34.jpg, https://salt.tikicdn.com/cache/200x280/ts/product/73/80/50/16b1037e24322c44d8186d0afb4e5cd9.jpg, https://salt.tikicdn.com/cache/200x280/ts/product/4c/f4/39/356194882647daea24f2940e43858d18.jpg, https://salt.tikicdn.com/cache/200x280/ts/product/5c/e1/c4/cb677987155eec1444da2fa1d354207a.jpg, https://salt.tikicdn.com/cache/200x280/ts/product/0c/c2/0f/58d5e31638a4d55db5a6be39e1ed0fc6.jpg, https://salt.tikicdn.com/cache/200x280/ts/product/60/e5/93/dc01784540108ab6dcaf62a78f2347ae.jpg, https://salt.tikicdn.com/cache/200x280/ts/product/0b/1a/b2/7ae64f1956f2200ce76e1e41e9beed56.jpg, https://salt.tikicdn.com/cache/200x280/ts/product/9d/f0/b6/cc70161c06cf5bb437b1e35f94beaa70.jpg","https://salt.tikicdn.com/cache/200x280/ts/product/8b/cd/a7/e61eb9ccd4aa751e9a4a1d1918f883c2.jpg, https://salt.tikicdn.com/cache/200x280/ts/product/80/5f/02/969bb7821613f249a9f29080fcdd6a34.jpg, https://salt.tikicdn.com/cache/200x280/ts/product/73/80/50/16b1037e24322c44d8186d0afb4e5cd9.jpg, https://salt.tikicdn.com/cache/200x280/ts/product/4c/f4/39/356194882647daea24f2940e43858d18.jpg, https://salt.tikicdn.com/cache/200x280/ts/product/5c/e1/c4/cb677987155eec1444da2fa1d354207a.jpg, https://salt.tikicdn.com/cache/200x280/ts/product/0c/c2/0f/58d5e31638a4d55db5a6be39e1ed0fc6.jpg, https://salt.tikicdn.com/cache/200x280/ts/product/60/e5/93/dc01784540108ab6dcaf62a78f2347ae.jpg, https://salt.tikicdn.com/cache/200x280/ts/product/0b/1a/b2/7ae64f1956f2200ce76e1e41e9beed56.jpg, https://salt.tikicdn.com/cache/200x280/ts/product/9d/f0/b6/cc70161c06cf5bb437b1e35f94beaa70.jpg",1000,0
193367133,Artbook - Sách Tiếng Anh - Living in Mexico,780000,"Từ ngôi nhà của kiến ​​trúc sư Kiến tạo Luis Barragan, tòa nhà có từ thế kỷ 16 đã được phục hồi, đến ngôi nhà mái tranh truyền thống của người Maya, sự tương phản giữa các phong cách trong các trang c...","Từ ngôi nhà của kiến ​​trúc sư Kiến tạo Luis Barragan, tòa nhà có từ thế kỷ 16 đã được phục hồi, đến ngôi nhà mái tranh truyền thống của người Maya, sự tương phản giữa các phong cách trong các trang của cuốn sách này là minh chứng cho bảng màu đa dạng về kết cấu và màu sắc của đất nước. South of the border, rich colors and woven textiles form a unique design aesthetic, crafted by the union of local Aztec and Mayan cultures and Spanish influences. Bold pigments and vivid patterns come together in simple and rustic spaces, resulting in a way of living that is both invigorating and homely; an authentic Mexican style. The dynamic writer and photographer duo Barbara and Rene Stoeltie have struck gold again-this time with a truly breathtaking look at Mexico's most remarkable abodes. Traveling far and wide, from Costa Careyes to the Yucatan Peninsula, this photographic journey will surprise, delight, and inspire you. From the home of Constructivist architect Luis Barragan, a restored 16th-century hacienda, to a traditional Mayan thatched-roof dwelling, the contrast of styles within the pages of this book are testament to the country's vibrantly diverse palette of textures and hues. With many new images, some never published before, prepare to be transported to the heart of lush and eclectic Mexico. About the series TASCHEN is 40! Since we started our work as cultural archaeologists in 1980, TASCHEN has become synonymous with accessible publishing, helping bookworms around the world curate their own library of art, anthropology, and aphrodisia at an unbeatable price. Today we celebrate 40 years of incredible books by staying true to our company credo. The 40 series presents new editions of some of the stars of our program-now more compact, friendly in price, and still realized with the same commitment to impeccable production. Giá sản phẩm trên Tiki đã bao gồm thuế theo luật hiện hành. Bên cạnh đó, tuỳ vào loại sản phẩm, hình thức và địa chỉ giao hàng mà có thể phát sinh thêm chi phí khác như phí vận chuyển, phụ phí hàng cồng kềnh, thuế nhập khẩu (đối với đơn hàng giao từ nước ngoài có giá trị trên 1 triệu đồng).....",0,0,"https://salt.tikicdn.com/ts/product/23/64/8e/f3178d6db8d8928958fc84cb8f9d75bd.png, https://salt.tikicdn.com/ts/product/35/84/fe/21126de14d7f9bdbfaa242c0889efa4b.jpg, https://salt.tikicdn.com/ts/product/36/9f/9a/13f1689340b1a1e1c82ad1778fd2521c.jpg, https://salt.tikicdn.com/ts/product/07/63/aa/a6144691a016266be3f87487448a8c85.jpg, https://salt.tikicdn.com/ts/product/e8/a7/ae/abd9614e0ca0b508392ee6e3b2f2544b.jpg, https://salt.tikicdn.com/ts/product/bb/cd/ab/7e663be44c05a503d99b21f137c58179.jpg, https://salt.tikicdn.com/ts/product/10/e0/61/7bd01fc2534942747dcc7117f5150943.jpg","https://salt.tikicdn.com/cache/w1200/ts/product/23/64/8e/f3178d6db8d8928958fc84cb8f9d75bd.png, https://salt.tikicdn.com/cache/w1200/ts/product/35/84/fe/21126de14d7f9bdbfaa242c0889efa4b.jpg, https://salt.tikicdn.com/cache/w1200/ts/product/36/9f/9a/13f1689340b1a1e1c82ad1778fd2521c.jpg, https://salt.tikicdn.com/cache/w1200/ts/product/07/63/aa/a6144691a016266be3f87487448a8c85.jpg, https://salt.tikicdn.com/cache/w1200/ts/product/e8/a7/ae/abd9614e0ca0b508392ee6e3b2f2544b.jpg, https://salt.tikicdn.com/cache/w1200/ts/product/bb/cd/ab/7e663be44c05a503d99b21f137c58179.jpg, https://salt.tikicdn.com/cache/w1200/ts/product/10/e0/61/7bd01fc2534942747dcc7117f5150943.jpg","https://salt.tikicdn.com/cache/w300/ts/product/23/64/8e/f3178d6db8d8928958fc84cb8f9d75bd.png, https://salt.tikicdn.com/cache/w300/ts/product/35/84/fe/21126de14d7f9bdbfaa242c0889efa4b.jpg, https://salt.tikicdn.com/cache/w300/ts/product/36/9f/9a/13f1689340b1a1e1c82ad1778fd2521c.jpg, https://salt.tikicdn.com/cache/w300/ts/product/07/63/aa/a6144691a016266be3f87487448a8c85.jpg, https://salt.tikicdn.com/cache/w300/ts/product/e8/a7/ae/abd9614e0ca0b508392ee6e3b2f2544b.jpg, https://salt.tikicdn.com/cache/w300/ts/product/bb/cd/ab/7e663be44c05a503d99b21f137c58179.jpg, https://salt.tikicdn.com/cache/w300/ts/product/10/e0/61/7bd01fc2534942747dcc7117f5150943.jpg","https://salt.tikicdn.com/cache/200x280/ts/product/23/64/8e/f3178d6db8d8928958fc84cb8f9d75bd.png, https://salt.tikicdn.com/cache/200x280/ts/product/35/84/fe/21126de14d7f9bdbfaa242c0889efa4b.jpg, https://salt.tikicdn.com/cache/200x280/ts/product/36/9f/9a/13f1689340b1a1e1c82ad1778fd2521c.jpg, https://salt.tikicdn.com/cache/200x280/ts/product/07/63/aa/a6144691a016266be3f87487448a8c85.jpg, https://salt.tikicdn.com/cache/200x280/ts/product/e8/a7/ae/abd9614e0ca0b508392ee6e3b2f2544b.jpg, https://salt.tikicdn.com/cache/200x280/ts/product/bb/cd/ab/7e663be44c05a503d99b21f137c58179.jpg, https://salt.tikicdn.com/cache/200x280/ts/product/10/e0/61/7bd01fc2534942747dcc7117f5150943.jpg","https://salt.tikicdn.com/cache/200x280/ts/product/23/64/8e/f3178d6db8d8928958fc84cb8f9d75bd.png, https://salt.tikicdn.com/cache/200x280/ts/product/35/84/fe/21126de14d7f9bdbfaa242c0889efa4b.jpg, https://salt.tikicdn.com/cache/200x280/ts/product/36/9f/9a/13f1689340b1a1e1c82ad1778fd2521c.jpg, https://salt.tikicdn.com/cache/200x280/ts/product/07/63/aa/a6144691a016266be3f87487448a8c85.jpg, https://salt.tikicdn.com/cache/200x280/ts/product/e8/a7/ae/abd9614e0ca0b508392ee6e3b2f2544b.jpg, https://salt.tikicdn.com/cache/200x280/ts/product/bb/cd/ab/7e663be44c05a503d99b21f137c58179.jpg, https://salt.tikicdn.com/cache/200x280/ts/product/10/e0/61/7bd01fc2534942747dcc7117f5150943.jpg",1000,0
193341071,China Home,640000,"Với những bức ảnh phong phú, chi tiết và lời bình sâu sắc, cuốn sách thiết kế nội thất Trung Quốc này sẽ cung cấp cho bạn rất nhiều ý tưởng trang trí mới mẻ và đầy màu sắc.Từ những ngôi nhà chòi hồi ...","Với những bức ảnh phong phú, chi tiết và lời bình sâu sắc, cuốn sách thiết kế nội thất Trung Quốc này sẽ cung cấp cho bạn rất nhiều ý tưởng trang trí mới mẻ và đầy màu sắc. Từ những ngôi nhà chòi hồi sinh ở Bắc Kinh và những ngôi nhà trong ngõ ở Thượng Hải đến những biệt thự mới sáng bóng ở Phố Đông và những căn hộ đô thị kiểu dáng đẹp ở Hồng Kông, thiết kế nội thất hiện đại tốt nhất của Trung Quốc pha trộn những di sản của quá khứ với một cảm giác mới mẻ With rich, detailed photographs and insightful commentary, this Chinese interior design book will provide you with plenty of fresh and colorful decorating ideas. China, long dormant in the world of design and residential architecture, has recently burst onto the world stage. Like everything else in China today, contemporary Chinese design combines elegant and deep-seated traditions with the exploratory ideas of a younger generation of designers. From revitalized hutongs in Beijing and lane houses in Shanghai to shiny new villas in Pudong and sleek urban apartments in Hong Kong, the best modern Chinese interior design blends the legacy of the past with a fresh appetite for the new. China Home explores this burgeoning phenomenon with images taken in more than 100 gorgeous homes, and will become an indispensable source book for everyone looking for ideas to create and re-work their living space. Giá sản phẩm trên Tiki đã bao gồm thuế theo luật hiện hành. Bên cạnh đó, tuỳ vào loại sản phẩm, hình thức và địa chỉ giao hàng mà có thể phát sinh thêm chi phí khác như phí vận chuyển, phụ phí hàng cồng kềnh, thuế nhập khẩu (đối với đơn hàng giao từ nước ngoài có giá trị trên 1 triệu đồng).....",0,0,"https://salt.tikicdn.com/ts/product/5a/7f/df/7797c5609f2e4f81dd90824e8e222981.jpg, https://salt.tikicdn.com/ts/product/f3/8f/bc/562db6a9c9203c4b32552e04320d942f.jpg, https://salt.tikicdn.com/ts/product/d2/9f/db/e52b4298ae358316b5aa94176298f006.jpg, https://salt.tikicdn.com/ts/product/f3/8f/bc/6af39059bf2ba5ed063b29ea69ec548f.jpg, https://salt.tikicdn.com/ts/product/d7/77/32/fe19321e81af9862cde6a1e904ca41e7.jpg","https://salt.tikicdn.com/cache/w1200/ts/product/5a/7f/df/7797c5609f2e4f81dd90824e8e222981.jpg, https://salt.tikicdn.com/cache/w1200/ts/product/f3/8f/bc/562db6a9c9203c4b32552e04320d942f.jpg, https://salt.tikicdn.com/cache/w1200/ts/product/d2/9f/db/e52b4298ae358316b5aa94176298f006.jpg, https://salt.tikicdn.com/cache/w1200/ts/product/f3/8f/bc/6af39059bf2ba5ed063b29ea69ec548f.jpg, https://salt.tikicdn.com/cache/w1200/ts/product/d7/77/32/fe19321e81af9862cde6a1e904ca41e7.jpg","https://salt.tikicdn.com/cache/w300/ts/product/5a/7f/df/7797c5609f2e4f81dd90824e8e222981.jpg, https://salt.tikicdn.com/cache/w300/ts/product/f3/8f/bc/562db6a9c9203c4b32552e04320d942f.jpg, https://salt.tikicdn.com/cache/w300/ts/product/d2/9f/db/e52b4298ae358316b5aa94176298f006.jpg, https://salt.tikicdn.com/cache/w300/ts/product/f3/8f/bc/6af39059bf2ba5ed063b29ea69ec548f.jpg, https://salt.tikicdn.com/cache/w300/ts/product/d7/77/32/fe19321e81af9862cde6a1e904ca41e7.jpg","https://salt.tikicdn.com/cache/200x280/ts/product/5a/7f/df/7797c5609f2e4f81dd90824e8e222981.jpg, https://salt.tikicdn.com/cache/200x280/ts/product/f3/8f/bc/562db6a9c9203c4b32552e04320d942f.jpg, https://salt.tikicdn.com/cache/200x280/ts/product/d2/9f/db/e52b4298ae358316b5aa94176298f006.jpg, https://salt.tikicdn.com/cache/200x280/ts/product/f3/8f/bc/6af39059bf2ba5ed063b29ea69ec548f.jpg, https://salt.tikicdn.com/cache/200x280/ts/product/d7/77/32/fe19321e81af9862cde6a1e904ca41e7.jpg","https://salt.tikicdn.com/cache/200x280/ts/product/5a/7f/df/7797c5609f2e4f81dd90824e8e222981.jpg, https://salt.tikicdn.com/cache/200x280/ts/product/f3/8f/bc/562db6a9c9203c4b32552e04320d942f.jpg, https://salt.tikicdn.com/cache/200x280/ts/product/d2/9f/db/e52b4298ae358316b5aa94176298f006.jpg, https://salt.tikicdn.com/cache/200x280/ts/product/f3/8f/bc/6af39059bf2ba5ed063b29ea69ec548f.jpg, https://salt.tikicdn.com/cache/200x280/ts/product/d7/77/32/fe19321e81af9862cde6a1e904ca41e7.jpg",1000,0
193310172,New Japan Architecture,500000,"Cuốn sách kiến ​​trúc này giới thiệu một loạt các tòa nhà, một số thể hiện lý tưởng cuối cùng của khối lập phương Zen màu trắng. Cung cấp một cái nhìn tổng quan cần thiết về các xu hướng hiện tại, Kiế...","Cuốn sách kiến ​​trúc này giới thiệu một loạt các tòa nhà, một số thể hiện lý tưởng cuối cùng của khối lập phương Zen màu trắng. Cung cấp một cái nhìn tổng quan cần thiết về các xu hướng hiện tại, Kiến trúc Nhật Bản Mới chỉ ra con đường dẫn đến tương lai của kiến ​​trúc hiện đại. Featuring dozens of high-quality photographs, schematic designs and insightful commentary this Japanese architecture book is a must-have for architects or collectors. The past five years are widely considered to have been the most innovative period in contemporary Japanese design history. The projects featured in New Japan Architecture were completed during this extraordinarily fertile time. Featuring breathtaking images of modern Japan, this volume presents forty-eight extraordinary projects by forty-two of the world's leading architects, including: Hitoshi Abe Ward Kishi Tadao Ando Chiba Manabu Architects Toyo Ito Kengo Kuma Kazuyo Sejima This architecture book features a wide range of buildings, some exhibiting the ultimate ideal of the white Zen cube, while others exemplify the search for the new wow factor in iconic design. In many, cutting-edge modernity is counterbalanced by a concern for sustainability--an issue that has motivated many architects to rethink and reintroduce concepts drawn from traditional Japanese architecture. Projects big and small, private and public, residential and commercial are included. Insightful text by two leading experts in the field of Japanese architecture highlights the remarkable aspects of each building and places these developments within the wider context of world architecture. Offering an essential overview of current trends, New Japan Architecture points the way to modern architecture's future. Giá sản phẩm trên Tiki đã bao gồm thuế theo luật hiện hành. Bên cạnh đó, tuỳ vào loại sản phẩm, hình thức và địa chỉ giao hàng mà có thể phát sinh thêm chi phí khác như phí vận chuyển, phụ phí hàng cồng kềnh, thuế nhập khẩu (đối với đơn hàng giao từ nước ngoài có giá trị trên 1 triệu đồng).....",0,0,"https://salt.tikicdn.com/ts/product/22/15/74/02433001946f809f71c74ba5450e1a0a.jpg, https://salt.tikicdn.com/ts/product/4f/79/b6/710f28f94e703114dc1613fa2c3930ed.jpg, https://salt.tikicdn.com/ts/product/30/0a/3c/b4644379503d1b92a0931b81a95aec5e.jpg, https://salt.tikicdn.com/ts/product/10/0c/81/df22149fb0deeac16f9bc3b4bb87d6b8.jpg, https://salt.tikicdn.com/ts/product/6e/75/73/f24fdf75d8aafc8cdfc9dea964ae6189.jpg, https://salt.tikicdn.com/ts/product/f1/4c/2e/30b4db468bc968e52480cabbb4963341.jpg, https://salt.tikicdn.com/ts/product/c1/62/34/03d3a5080a818dd5cc731cd1b7ae7748.jpg","https://salt.tikicdn.com/cache/w1200/ts/product/22/15/74/02433001946f809f71c74ba5450e1a0a.jpg, https://salt.tikicdn.com/cache/w1200/ts/product/4f/79/b6/710f28f94e703114dc1613fa2c3930ed.jpg, https://salt.tikicdn.com/cache/w1200/ts/product/30/0a/3c/b4644379503d1b92a0931b81a95aec5e.jpg, https://salt.tikicdn.com/cache/w1200/ts/product/10/0c/81/df22149fb0deeac16f9bc3b4bb87d6b8.jpg, https://salt.tikicdn.com/cache/w1200/ts/product/6e/75/73/f24fdf75d8aafc8cdfc9dea964ae6189.jpg, https://salt.tikicdn.com/cache/w1200/ts/product/f1/4c/2e/30b4db468bc968e52480cabbb4963341.jpg, https://salt.tikicdn.com/cache/w1200/ts/product/c1/62/34/03d3a5080a818dd5cc731cd1b7ae7748.jpg","https://salt.tikicdn.com/cache/w300/ts/product/22/15/74/02433001946f809f71c74ba5450e1a0a.jpg, https://salt.tikicdn.com/cache/w300/ts/product/4f/79/b6/710f28f94e703114dc1613fa2c3930ed.jpg, https://salt.tikicdn.com/cache/w300/ts/product/30/0a/3c/b4644379503d1b92a0931b81a95aec5e.jpg, https://salt.tikicdn.com/cache/w300/ts/product/10/0c/81/df22149fb0deeac16f9bc3b4bb87d6b8.jpg, https://salt.tikicdn.com/cache/w300/ts/product/6e/75/73/f24fdf75d8aafc8cdfc9dea964ae6189.jpg, https://salt.tikicdn.com/cache/w300/ts/product/f1/4c/2e/30b4db468bc968e52480cabbb4963341.jpg, https://salt.tikicdn.com/cache/w300/ts/product/c1/62/34/03d3a5080a818dd5cc731cd1b7ae7748.jpg","https://salt.tikicdn.com/cache/200x280/ts/product/22/15/74/02433001946f809f71c74ba5450e1a0a.jpg, https://salt.tikicdn.com/cache/200x280/ts/product/4f/79/b6/710f28f94e703114dc1613fa2c3930ed.jpg, https://salt.tikicdn.com/cache/200x280/ts/product/30/0a/3c/b4644379503d1b92a0931b81a95aec5e.jpg, https://salt.tikicdn.com/cache/200x280/ts/product/10/0c/81/df22149fb0deeac16f9bc3b4bb87d6b8.jpg, https://salt.tikicdn.com/cache/200x280/ts/product/6e/75/73/f24fdf75d8aafc8cdfc9dea964ae6189.jpg, https://salt.tikicdn.com/cache/200x280/ts/product/f1/4c/2e/30b4db468bc968e52480cabbb4963341.jpg, https://salt.tikicdn.com/cache/200x280/ts/product/c1/62/34/03d3a5080a818dd5cc731cd1b7ae7748.jpg","https://salt.tikicdn.com/cache/200x280/ts/product/22/15/74/02433001946f809f71c74ba5450e1a0a.jpg, https://salt.tikicdn.com/cache/200x280/ts/product/4f/79/b6/710f28f94e703114dc1613fa2c3930ed.jpg, https://salt.tikicdn.com/cache/200x280/ts/product/30/0a/3c/b4644379503d1b92a0931b81a95aec5e.jpg, https://salt.tikicdn.com/cache/200x280/ts/product/10/0c/81/df22149fb0deeac16f9bc3b4bb87d6b8.jpg, https://salt.tikicdn.com/cache/200x280/ts/product/6e/75/73/f24fdf75d8aafc8cdfc9dea964ae6189.jpg, https://salt.tikicdn.com/cache/200x280/ts/product/f1/4c/2e/30b4db468bc968e52480cabbb4963341.jpg, https://salt.tikicdn.com/cache/200x280/ts/product/c1/62/34/03d3a5080a818dd5cc731cd1b7ae7748.jpg",1000,0
177928339,Artbook - Sách Tiếng Anh - From Palm Beach to Shangri La,1950000,"Vẻ đẹp và sự sang trọng hòa quyện với sự xa hoa trong phong cách Palm Beach của kiến ​​trúc sư Marion Sims Wyeth, một kiểu thiết kế nhà lấy những đồ đạc tiêu chuẩn của thiên đường — cây cọ, đài phun n...","Vẻ đẹp và sự sang trọng hòa quyện với sự xa hoa trong phong cách Palm Beach của kiến ​​trúc sư Marion Sims Wyeth, một kiểu thiết kế nhà lấy những đồ đạc tiêu chuẩn của thiên đường — cây cọ, đài phun nước rực rỡ, hồ bơi và khu vườn lấp lánh, tầm nhìn ra biển — và kết hợp chúng với một chút của sự kỳ lạ — ban công hoặc ô cửa theo phong cách Moorish, cổng vòm kiểu Venice, sân huyền ảo theo phong cách Tây Ban Nha và cầu thang xoắn ốc bằng đá và sắt. Homes, pool houses, and gardens in paradise by the great architect Marion Sims Wyeth—progenitor of the fabled Palm Beach style and designer of Doris Duke’s legendary Hawaiian retreat, Shangri La—are featured here in the first in-depth book to consider his most alluring creations. Beauty and elegance mingle with extravagance in the Palm Beach style of architect Marion Sims Wyeth, a kind of home design that takes the standard fixtures of paradise—palm trees, ebullient fountains, glistening pools and gardens, views of the sea—and mixes them with a dash of the exotic—a Moorish-style balcony or doorway, Venetian archways, fanciful courtyards in the Spanish style, and spiraling staircases in stone and iron. Featured here are the legendary abodes of Marjorie Merriweather Post and Doris Duke—Mar-a-Lago and Shangri La, respectively—as well as the less well known but equally spectacular Hogarcito and La Claridad, to name but a few. For those unfamiliar with these dream palaces, intimate homes of repose and reflection, for the enjoyment of life and the living of it, the book serves at once as a revelation and an inspiration. Giá sản phẩm trên Tiki đã bao gồm thuế theo luật hiện hành. Bên cạnh đó, tuỳ vào loại sản phẩm, hình thức và địa chỉ giao hàng mà có thể phát sinh thêm chi phí khác như phí vận chuyển, phụ phí hàng cồng kềnh, thuế nhập khẩu (đối với đơn hàng giao từ nước ngoài có giá trị trên 1 triệu đồng).....",5,1,"https://salt.tikicdn.com/ts/product/77/0d/61/3de8db5715313978c69926f7a70e28ad.jpg, https://salt.tikicdn.com/ts/product/28/3a/04/877d04955fd34423194993336a27d0d9.jpg, https://salt.tikicdn.com/ts/product/3a/84/20/133eb23ebbc6d6d2673b1b96a07baa0e.jpg, https://salt.tikicdn.com/ts/product/ec/84/ce/810426027d41626b91ed4b370307c95a.jpg, https://salt.tikicdn.com/ts/product/26/90/cd/db462e9d0b9ff59bebf3c51a33484799.jpg, https://salt.tikicdn.com/ts/product/81/aa/25/cc95fcca7cca6241af09f4f79ad7debf.jpg, https://salt.tikicdn.com/ts/product/6b/cb/7b/37888f221d789013a4256ee7c06cbd4b.jpg, https://salt.tikicdn.com/ts/product/c0/09/0e/58a2a87a39d003566adbaa4a935ed082.jpg, https://salt.tikicdn.com/ts/product/ab/c0/92/9e95bdcb9890236030f015ae37207192.jpg, https://salt.tikicdn.com/ts/product/36/c8/9a/1dbcafc698f05e8e348773e8b7bc8c2f.jpg","https://salt.tikicdn.com/cache/w1200/ts/product/77/0d/61/3de8db5715313978c69926f7a70e28ad.jpg, https://salt.tikicdn.com/cache/w1200/ts/product/28/3a/04/877d04955fd34423194993336a27d0d9.jpg, https://salt.tikicdn.com/cache/w1200/ts/product/3a/84/20/133eb23ebbc6d6d2673b1b96a07baa0e.jpg, https://salt.tikicdn.com/cache/w1200/ts/product/ec/84/ce/810426027d41626b91ed4b370307c95a.jpg, https://salt.tikicdn.com/cache/w1200/ts/product/26/90/cd/db462e9d0b9ff59bebf3c51a33484799.jpg, https://salt.tikicdn.com/cache/w1200/ts/product/81/aa/25/cc95fcca7cca6241af09f4f79ad7debf.jpg, https://salt.tikicdn.com/cache/w1200/ts/product/6b/cb/7b/37888f221d789013a4256ee7c06cbd4b.jpg, https://salt.tikicdn.com/cache/w1200/ts/product/c0/09/0e/58a2a87a39d003566adbaa4a935ed082.jpg, https://salt.tikicdn.com/cache/w1200/ts/product/ab/c0/92/9e95bdcb9890236030f015ae37207192.jpg, https://salt.tikicdn.com/cache/w1200/ts/product/36/c8/9a/1dbcafc698f05e8e348773e8b7bc8c2f.jpg","https://salt.tikicdn.com/cache/w300/ts/product/77/0d/61/3de8db5715313978c69926f7a70e28ad.jpg, https://salt.tikicdn.com/cache/w300/ts/product/28/3a/04/877d04955fd34423194993336a27d0d9.jpg, https://salt.tikicdn.com/cache/w300/ts/product/3a/84/20/133eb23ebbc6d6d2673b1b96a07baa0e.jpg, https://salt.tikicdn.com/cache/w300/ts/product/ec/84/ce/810426027d41626b91ed4b370307c95a.jpg, https://salt.tikicdn.com/cache/w300/ts/product/26/90/cd/db462e9d0b9ff59bebf3c51a33484799.jpg, https://salt.tikicdn.com/cache/w300/ts/product/81/aa/25/cc95fcca7cca6241af09f4f79ad7debf.jpg, https://salt.tikicdn.com/cache/w300/ts/product/6b/cb/7b/37888f221d789013a4256ee7c06cbd4b.jpg, https://salt.tikicdn.com/cache/w300/ts/product/c0/09/0e/58a2a87a39d003566adbaa4a935ed082.jpg, https://salt.tikicdn.com/cache/w300/ts/product/ab/c0/92/9e95bdcb9890236030f015ae37207192.jpg, https://salt.tikicdn.com/cache/w300/ts/product/36/c8/9a/1dbcafc698f05e8e348773e8b7bc8c2f.jpg","https://salt.tikicdn.com/cache/200x280/ts/product/77/0d/61/3de8db5715313978c69926f7a70e28ad.jpg, https://salt.tikicdn.com/cache/200x280/ts/product/28/3a/04/877d04955fd34423194993336a27d0d9.jpg, https://salt.tikicdn.com/cache/200x280/ts/product/3a/84/20/133eb23ebbc6d6d2673b1b96a07baa0e.jpg, https://salt.tikicdn.com/cache/200x280/ts/product/ec/84/ce/810426027d41626b91ed4b370307c95a.jpg, https://salt.tikicdn.com/cache/200x280/ts/product/26/90/cd/db462e9d0b9ff59bebf3c51a33484799.jpg, https://salt.tikicdn.com/cache/200x280/ts/product/81/aa/25/cc95fcca7cca6241af09f4f79ad7debf.jpg, https://salt.tikicdn.com/cache/200x280/ts/product/6b/cb/7b/37888f221d789013a4256ee7c06cbd4b.jpg, https://salt.tikicdn.com/cache/200x280/ts/product/c0/09/0e/58a2a87a39d003566adbaa4a935ed082.jpg, https://salt.tikicdn.com/cache/200x280/ts/product/ab/c0/92/9e95bdcb9890236030f015ae37207192.jpg, https://salt.tikicdn.com/cache/200x280/ts/product/36/c8/9a/1dbcafc698f05e8e348773e8b7bc8c2f.jpg","https://salt.tikicdn.com/cache/200x280/ts/product/77/0d/61/3de8db5715313978c69926f7a70e28ad.jpg, https://salt.tikicdn.com/cache/200x280/ts/product/28/3a/04/877d04955fd34423194993336a27d0d9.jpg, https://salt.tikicdn.com/cache/200x280/ts/product/3a/84/20/133eb23ebbc6d6d2673b1b96a07baa0e.jpg, https://salt.tikicdn.com/cache/200x280/ts/product/ec/84/ce/810426027d41626b91ed4b370307c95a.jpg, https://salt.tikicdn.com/cache/200x280/ts/product/26/90/cd/db462e9d0b9ff59bebf3c51a33484799.jpg, https://salt.tikicdn.com/cache/200x280/ts/product/81/aa/25/cc95fcca7cca6241af09f4f79ad7debf.jpg, https://salt.tikicdn.com/cache/200x280/ts/product/6b/cb/7b/37888f221d789013a4256ee7c06cbd4b.jpg, https://salt.tikicdn.com/cache/200x280/ts/product/c0/09/0e/58a2a87a39d003566adbaa4a935ed082.jpg, https://salt.tikicdn.com/cache/200x280/ts/product/ab/c0/92/9e95bdcb9890236030f015ae37207192.jpg, https://salt.tikicdn.com/cache/200x280/ts/product/36/c8/9a/1dbcafc698f05e8e348773e8b7bc8c2f.jpg",1000,1
137944437,High On… Office Design,1260000,Cuốn sách này giới thiệu các khái niệm và cách bố trí văn phòng mới từ các tập đoàn lớn đến các công ty khởi nghiệp nhỏ. Ba mươi kiến trúc sư và nhà thiết kế nội thất trình bày các dự án văn phòng mới...,"Cuốn sách này giới thiệu các khái niệm và cách bố trí văn phòng mới từ các tập đoàn lớn đến các công ty khởi nghiệp nhỏ. Ba mươi kiến trúc sư và nhà thiết kế nội thất trình bày các dự án văn phòng mới nhất của họ. Nơi làm việc và toàn bộ khái niệm làm việc đang thay đổi trong thế giới ngày càng kỹ thuật số. Thirty architects and interior designers present their very latest office projects. Work places and the whole concept of working are changing in our increasingly digital world. This book showcases new office concepts and layouts from large corporations to small start-ups. Giá sản phẩm trên Tiki đã bao gồm thuế theo luật hiện hành. Bên cạnh đó, tuỳ vào loại sản phẩm, hình thức và địa chỉ giao hàng mà có thể phát sinh thêm chi phí khác như phí vận chuyển, phụ phí hàng cồng kềnh, thuế nhập khẩu (đối với đơn hàng giao từ nước ngoài có giá trị trên 1 triệu đồng).....",0,0,https://salt.tikicdn.com/ts/product/e9/4e/1e/882d47e03561c557a8203e5934e33b99.jpg,https://salt.tikicdn.com/cache/w1200/ts/product/e9/4e/1e/882d47e03561c557a8203e5934e33b99.jpg,https://salt.tikicdn.com/cache/w300/ts/product/e9/4e/1e/882d47e03561c557a8203e5934e33b99.jpg,https://salt.tikicdn.com/cache/200x280/ts/product/e9/4e/1e/882d47e03561c557a8203e5934e33b99.jpg,https://salt.tikicdn.com/cache/200x280/ts/product/e9/4e/1e/882d47e03561c557a8203e5934e33b99.jpg,1000,0
111186649,Small Medium Houses 3,1170000,"The house remains the key building type that constantly seeks to create the most fresh and original architectural ideas. It nurtures the urge to experiment and innovate, which produces works that can ...","The house remains the key building type that constantly seeks to create the most fresh and original architectural ideas. It nurtures the urge to experiment and innovate, which produces works that can become a never-ending source of inspiration. Small Medium Houses 3 is a compilation of 32 of the best houses of this type in Thailand, and acts as a further follow on to the first volume published in 2013. The represented works are highly varied in their context, from the city centre to the suburbs, the outskirts of the city to the provinces, and include main homes, holiday homes, home offices and renovations. Giá sản phẩm trên Tiki đã bao gồm thuế theo luật hiện hành. Bên cạnh đó, tuỳ vào loại sản phẩm, hình thức và địa chỉ giao hàng mà có thể phát sinh thêm chi phí khác như phí vận chuyển, phụ phí hàng cồng kềnh, thuế nhập khẩu (đối với đơn hàng giao từ nước ngoài có giá trị trên 1 triệu đồng).....",0,0,https://salt.tikicdn.com/ts/product/f4/78/2d/606281f7a7fc96bbda52ffbfb75cd12b.png,https://salt.tikicdn.com/cache/w1200/ts/product/f4/78/2d/606281f7a7fc96bbda52ffbfb75cd12b.png,https://salt.tikicdn.com/cache/w300/ts/product/f4/78/2d/606281f7a7fc96bbda52ffbfb75cd12b.png,https://salt.tikicdn.com/cache/200x280/ts/product/f4/78/2d/606281f7a7fc96bbda52ffbfb75cd12b.png,https://salt.tikicdn.com/cache/200x280/ts/product/f4/78/2d/606281f7a7fc96bbda52ffbfb75cd12b.png,,0
111176544,Small Medium Architecture,1170000,"While megaprojects may attest to an architectural firm’s success and reputation, it is often those projects of a lesser scale that contain moments of true innovation. These small to medium sized build...","While megaprojects may attest to an architectural firm’s success and reputation, it is often those projects of a lesser scale that contain moments of true innovation. These small to medium sized buildings frequently act as fundamental test beds where architects can explore and experiment with form, materiality and functional layout, trying out big ideas on a limited scale. The projects contained within this volume represent an eclectic mix of typology, from coffee shops and showrooms to offices and clubhouses, and an even wider range of architectural ideas that have been executed with panache, passion and personality. Giá sản phẩm trên Tiki đã bao gồm thuế theo luật hiện hành. Bên cạnh đó, tuỳ vào loại sản phẩm, hình thức và địa chỉ giao hàng mà có thể phát sinh thêm chi phí khác như phí vận chuyển, phụ phí hàng cồng kềnh, thuế nhập khẩu (đối với đơn hàng giao từ nước ngoài có giá trị trên 1 triệu đồng).....",0,0,https://salt.tikicdn.com/ts/product/03/f4/53/09d1fb4cc1932ec0e4f10b4ffa553b01.png,https://salt.tikicdn.com/cache/w1200/ts/product/03/f4/53/09d1fb4cc1932ec0e4f10b4ffa553b01.png,https://salt.tikicdn.com/cache/w300/ts/product/03/f4/53/09d1fb4cc1932ec0e4f10b4ffa553b01.png,https://salt.tikicdn.com/cache/200x280/ts/product/03/f4/53/09d1fb4cc1932ec0e4f10b4ffa553b01.png,https://salt.tikicdn.com/cache/200x280/ts/product/03/f4/53/09d1fb4cc1932ec0e4f10b4ffa553b01.png,1000,0
106515028,Blurring Boundaries,1500000,"This book showcases the works of Razin Architects, an award-winning Malaysian architectural firm based in Johor Bahru, headed by its founder Ar. Razin Mahmood, FPAM. The book features the evolution of...","This book showcases the works of Razin Architects, an award-winning Malaysian architectural firm based in Johor Bahru, headed by its founder Ar. Razin Mahmood, FPAM. The book features the evolution of the practice. From private residences to small offices, hotels and religious buildings, the selected works illustrate an attempt to create feel-good spaces that are responsive to the tropical climate. Maximising natural ventilation by having large floor to ceiling openings and installing louvres as light filters are common design responses Some of Razin Architects’ award-winning works illustrated in the book are Baan Tara, Surau Nusa Idaman, and Denai House Blurring Boundaries is evidence of a passionate desire to explore ‘in-between’ space in the tropics. It is also about demonstrating the firm’s absorption of modern influences without losing sensitivity to the local environment and social context Giá sản phẩm trên Tiki đã bao gồm thuế theo luật hiện hành. Bên cạnh đó, tuỳ vào loại sản phẩm, hình thức và địa chỉ giao hàng mà có thể phát sinh thêm chi phí khác như phí vận chuyển, phụ phí hàng cồng kềnh, thuế nhập khẩu (đối với đơn hàng giao từ nước ngoài có giá trị trên 1 triệu đồng).....",0,0,https://salt.tikicdn.com/ts/product/1d/1e/6d/a578cdd40afc5a9c073d43295215109e.jpg,https://salt.tikicdn.com/cache/w1200/ts/product/1d/1e/6d/a578cdd40afc5a9c073d43295215109e.jpg,https://salt.tikicdn.com/cache/w300/ts/product/1d/1e/6d/a578cdd40afc5a9c073d43295215109e.jpg,https://salt.tikicdn.com/cache/200x280/ts/product/1d/1e/6d/a578cdd40afc5a9c073d43295215109e.jpg,https://salt.tikicdn.com/cache/200x280/ts/product/1d/1e/6d/a578cdd40afc5a9c073d43295215109e.jpg,1000,0
100384459,Interior Design Course,600000,"Author: Tomris TangazFormat: Paperback | 144 pagesDimensions: 222 x 222 x 17mm | 630gPublication: 06 Sep 2018Whether you are keen to develop your interest in interior design and build your skills,...","Author: T omris Tangaz Format: Paperback | 144 pages Dimensions: 222 x 222 x 17mm | 630g Publication: 06 Sep 2018 Whether you are keen to develop your interest in interior design and build your skills, or to pursue a career and begin a portfolio, then this book is for you. Specifically designed to cover all aspects of interior design, this intensive course introduces the practice of basic design principles through set projects. Inspiration and imagination are the first key steps to starting your study. Whatever your background, this course will encourage your individual creativity and help you to explore and further your own design ideas. Giá sản phẩm trên Tiki đã bao gồm thuế theo luật hiện hành. Bên cạnh đó, tuỳ vào loại sản phẩm, hình thức và địa chỉ giao hàng mà có thể phát sinh thêm chi phí khác như phí vận chuyển, phụ phí hàng cồng kềnh, thuế nhập khẩu (đối với đơn hàng giao từ nước ngoài có giá trị trên 1 triệu đồng).....",0,0,https://salt.tikicdn.com/ts/product/9b/1b/8f/f25eec97ae6615bc31a84fe9bf7b5c4f.jpg,https://salt.tikicdn.com/cache/w1200/ts/product/9b/1b/8f/f25eec97ae6615bc31a84fe9bf7b5c4f.jpg,https://salt.tikicdn.com/cache/w300/ts/product/9b/1b/8f/f25eec97ae6615bc31a84fe9bf7b5c4f.jpg,https://salt.tikicdn.com/cache/200x280/ts/product/9b/1b/8f/f25eec97ae6615bc31a84fe9bf7b5c4f.jpg,https://salt.tikicdn.com/cache/200x280/ts/product/9b/1b/8f/f25eec97ae6615bc31a84fe9bf7b5c4f.jpg,1000,0
97875363,"Sparkling: Champagne, Prosecco, Cava and More",420000,Author: Andreas KjorlingFormat:  Hardback | 240 pagesDimensions: 145 x 215 x 22.86mm | 635.03gPublication date:  12 Jan 2017A concise and in-depth guide to sparkling wines from all around the glob...,"Author: Andreas Kjorling Format: Hardback | 240 pages Dimensions: 145 x 215 x 22.86mm | 635.03g Publication date: 12 Jan 2017 A concise and in-depth guide to sparkling wines from all around the globe. Andreas Kjoerling's updated volume offers an extensive overview of the finest universal sparkling wines, ranging from products of the highest quality to those with a more affordable price. A short introduction provides the reader with helpful information regarding the tasting and serving of sparkling wine. The sparkling wines are then listed by country. Products from the renowned European countries such as France, Germany, Italy and Spain or dark horses from lesser known sparkling producers, such as Brazil and Chile, bring the reader on a bubbly tour of the world. Every sparkling wine is presented with author's notes about the color, aroma and taste of the wine, followed by the detailed production process. Additional details are provided by the author, with, for example, suggestions as to which wines taste best with certain food. The price (ranging from one to five dots), origin, producer and grape are listed in a neat and compact way too, which makes it even easier to choose the appropriate wine for each and every occation. Giá sản phẩm trên Tiki đã bao gồm thuế theo luật hiện hành. Bên cạnh đó, tuỳ vào loại sản phẩm, hình thức và địa chỉ giao hàng mà có thể phát sinh thêm chi phí khác như phí vận chuyển, phụ phí hàng cồng kềnh, thuế nhập khẩu (đối với đơn hàng giao từ nước ngoài có giá trị trên 1 triệu đồng).....",2.5,2,https://salt.tikicdn.com/ts/product/85/3e/aa/5d3c0d2d61e51f16fdeb34bdb3036ea9.jpg,https://salt.tikicdn.com/cache/w1200/ts/product/85/3e/aa/5d3c0d2d61e51f16fdeb34bdb3036ea9.jpg,https://salt.tikicdn.com/cache/w300/ts/product/85/3e/aa/5d3c0d2d61e51f16fdeb34bdb3036ea9.jpg,https://salt.tikicdn.com/cache/200x280/ts/product/85/3e/aa/5d3c0d2d61e51f16fdeb34bdb3036ea9.jpg,https://salt.tikicdn.com/cache/200x280/ts/product/85/3e/aa/5d3c0d2d61e51f16fdeb34bdb3036ea9.jpg,1000,2
97822880,Infinity House : An Endless View,1160000,"Author: HouseFormat:  Hardback | 262 pagesDimensions:  212 x 280mmPublication date:  01 Apr 2021There's something especially beautiful about being able to look to the full expanse of a horizon, so...","Author: House Format: Hardback | 262 pages Dimensions: 212 x 280mm Publication date: 01 Apr 2021 There's something especially beautiful about being able to look to the full expanse of a horizon, something that speaks to the most ancient part of our soul. With the continuing build up of our surroundings, that precious ability to gaze into the unfettered distance is one we all appreciate and savour. This stunning edition showcases incredible houses in simply amazing locations, where the architect has rightly championed the accessibility to the endless views. Lavishly illustrated with full-colour images of award-winning architecture, this compilation draws you in through its winning designs, but its the glorious and enticing images of the vast horizon that will capture your imagination. We may all not be lucky enough to inhabit an eye-catching designer home with views to die for, but at least we can all share the beauty through these breathtakingly evocative images. Truly a book in which to lose yourself. SELLING POINTS: Stunning images showcase houses from across the globe - including South Africa, Canada, Australia, Mexico, Greece, and more each with a stupendous view Includes more than 30 modern designer houses by award-winning and high-profile architects A superb book with astounding images to which you will return again and again Giá sản phẩm trên Tiki đã bao gồm thuế theo luật hiện hành. Bên cạnh đó, tuỳ vào loại sản phẩm, hình thức và địa chỉ giao hàng mà có thể phát sinh thêm chi phí khác như phí vận chuyển, phụ phí hàng cồng kềnh, thuế nhập khẩu (đối với đơn hàng giao từ nước ngoài có giá trị trên 1 triệu đồng).....",0,0,https://salt.tikicdn.com/ts/product/61/72/a7/4d91f95bf9c2a2d1f498f3b576f01c46.jpg,https://salt.tikicdn.com/cache/w1200/ts/product/61/72/a7/4d91f95bf9c2a2d1f498f3b576f01c46.jpg,https://salt.tikicdn.com/cache/w300/ts/product/61/72/a7/4d91f95bf9c2a2d1f498f3b576f01c46.jpg,https://salt.tikicdn.com/cache/200x280/ts/product/61/72/a7/4d91f95bf9c2a2d1f498f3b576f01c46.jpg,https://salt.tikicdn.com/cache/200x280/ts/product/61/72/a7/4d91f95bf9c2a2d1f498f3b576f01c46.jpg,1000,0
85096818,Frank Repas Architecture,1000000,"This book, via introductions to dozens of the projects of Frank Repas Architecture and its research theories, illustrated with plenty of plans and etc., conveys the exploring ideas of Frank Repas Arc...","This book, via introductions to dozens of the projects of Frank Repas Architecture and its research theories, illustrated with plenty of plans and etc., conveys the exploring ideas of Frank Repas Architecture. It is hoped that the book will provide a good reference for the reader especially those who have great interest in collaborations with China. Giá sản phẩm trên Tiki đã bao gồm thuế theo luật hiện hành. Bên cạnh đó, tuỳ vào loại sản phẩm, hình thức và địa chỉ giao hàng mà có thể phát sinh thêm chi phí khác như phí vận chuyển, phụ phí hàng cồng kềnh, thuế nhập khẩu (đối với đơn hàng giao từ nước ngoài có giá trị trên 1 triệu đồng).....",0,0,https://salt.tikicdn.com/ts/product/70/83/1b/d872fefb02ffd9f78319cb648b4ad39d.jpg,https://salt.tikicdn.com/cache/w1200/ts/product/70/83/1b/d872fefb02ffd9f78319cb648b4ad39d.jpg,https://salt.tikicdn.com/cache/w300/ts/product/70/83/1b/d872fefb02ffd9f78319cb648b4ad39d.jpg,https://salt.tikicdn.com/cache/200x280/ts/product/70/83/1b/d872fefb02ffd9f78319cb648b4ad39d.jpg,https://salt.tikicdn.com/cache/200x280/ts/product/70/83/1b/d872fefb02ffd9f78319cb648b4ad39d.jpg,1000,0
84574835, Seaside Living: 50 Remarkable Houses,1380000,"A definitive statement of contemporary residential architectural trends in beachside living, covering projects that range from peaceful retreats to edgy designer homes. Seaside Living: 50 Remarkable ...","A definitive statement of contemporary residential architectural trends in beachside living, covering projects that range from peaceful retreats to edgy designer homes. Seaside Living: 50 Remarkable Houses' features a breathtaking, hand-picked collection of innovative designs in contemporary residential beachside architecture, showcased with stunning full-colour photography. This book celebrates our connection to the seaside - whether as a summer playground, winter hideaway or permanent abode, there is nothing quite so relaxing as living by the water. Images Publishing has carefully selected projects that underscore and demonstrate the dramatic and coherent blend of beautiful architecturally designed houses and the spectacular range in ecology and topography of coastal environments. 'Seaside Living' explores how homes are designed to celebrate their enviable beachfront positions, allowing their inhabitants to form an ingenious bond with the natural landscape. Some houses are adapted from ramshackle retreats into modern glass and steel structures that frame the magnificent ocean views. Other residences reflect the architect's vision of working with sustainable materials, promoting both beauty and longevity, opting for a material palette that relies on suitability from the harsh, corrosive salt spray environment and representation with the location - reminiscent of flotsam, rich but weathered. The lure of the beach evokes a sense of relaxation and these homes are truly enticing spaces. Among the awe-inspiring projects in this book are stunning beach houses that range from peaceful retreats to edgy designer homes spanning the world over, including an extensive range from Europe, the United States, Australia and New Zealand. SELLING POINTS: - Provides a definitive statement of contemporary residential architectural trends in beachside living - Covers projects that range from peaceful retreats to edgy designer homes - Showcases a collection that is inspirational and a strong reference for architects, planners, preservationists, landscape and interior designers, and all who are directly involved in the built coastal environment - Features rich, full-colour photography of beautiful houses in gorgeous settings to entice readers - Showcases IMAGES' strong talent for mining architectural gems from around the globe 260 col. Giá sản phẩm trên Tiki đã bao gồm thuế theo luật hiện hành. Bên cạnh đó, tuỳ vào loại sản phẩm, hình thức và địa chỉ giao hàng mà có thể phát sinh thêm chi phí khác như phí vận chuyển, phụ phí hàng cồng kềnh, thuế nhập khẩu (đối với đơn hàng giao từ nước ngoài có giá trị trên 1 triệu đồng).....",0,0,https://salt.tikicdn.com/ts/product/af/d2/19/1fb355c8f9d231cb520a532ef351a411.jpg,https://salt.tikicdn.com/cache/w1200/ts/product/af/d2/19/1fb355c8f9d231cb520a532ef351a411.jpg,https://salt.tikicdn.com/cache/w300/ts/product/af/d2/19/1fb355c8f9d231cb520a532ef351a411.jpg,https://salt.tikicdn.com/cache/200x280/ts/product/af/d2/19/1fb355c8f9d231cb520a532ef351a411.jpg,https://salt.tikicdn.com/cache/200x280/ts/product/af/d2/19/1fb355c8f9d231cb520a532ef351a411.jpg,1000,0
499002,Sách 25 Tropical Houses In Singapore And Malaysia - Paperback,730000,"25 Tropical Houses In Singapore And Malaysia 25 Tropical Houses in Singapore and Malaysia features top architects and designers with ideas that are stylish, contemporary, and show twenty-first centur...","25 Tropical Houses In Singapore And Malaysia 25 Tropical Houses in Singapore and Malaysia features top architects and designers with ideas that are stylish, contemporary, and show twenty-first century savvy. The difference between a house and a home cannot easily be explained, but anyone walking into a building that is a home, rather than a house, can almost immediately feel the difference. While called 25 Tropical Houses in Singapore and Malaysia , this book is at its heart about buildings that share a common spirit: structures that are home to a diverse cross-section of families around Singapore and Malaysia. Positioned as a global city at the hub of South East Asia, Singapore has a thoroughly modern sensibility balanced by an inherited culture and sense of place. This new global consciousness is reflected in its architecture, which demonstrates a seamless marriage of vernacular and modernist forms. The luxury homes in this book illustrate how architects work with, rather than against, the singular landscape to generate beautiful tropical homes embellished with modern Asian decor. A new wave of highly distinctive architecture has seen Singapore recognized, for the first time, as one of the world's most dynamic architectural centers. Malaysian architecture retains a greater interest in vernacular forms, but the nation's strong economic growth has seen a push to recast the urban landscape. Architects are now working to accommodate the 'brave new world' of an affluent technocratic society within the Asian architecture vernacular currently found throughout most of the country. The most interesting new homes in Malaysia reflect a balance between traditional values and an optimistic global outlook. 25 Tropical Houses in Singapore and Malaysia is an amazing source of home inspiration and insights, whether one seeks to know more about Singapore architecture, Malaysian traditions or tropical architecture in general. Giá sản phẩm trên Tiki đã bao gồm thuế theo luật hiện hành. Bên cạnh đó, tuỳ vào loại sản phẩm, hình thức và địa chỉ giao hàng mà có thể phát sinh thêm chi phí khác như phí vận chuyển, phụ phí hàng cồng kềnh, thuế nhập khẩu (đối với đơn hàng giao từ nước ngoài có giá trị trên 1 triệu đồng).....",0,0,"https://salt.tikicdn.com/ts/product/42/bb/d5/257342a049e63f49471beda26dfbe73d.jpg, https://salt.tikicdn.com/ts/product/38/30/52/0274eabd2daeb1bbdb49e401061a705f.jpeg","https://salt.tikicdn.com/cache/w1200/ts/product/42/bb/d5/257342a049e63f49471beda26dfbe73d.jpg, https://salt.tikicdn.com/cache/w1200/ts/product/38/30/52/0274eabd2daeb1bbdb49e401061a705f.jpeg","https://salt.tikicdn.com/cache/w300/ts/product/42/bb/d5/257342a049e63f49471beda26dfbe73d.jpg, https://salt.tikicdn.com/cache/w300/ts/product/38/30/52/0274eabd2daeb1bbdb49e401061a705f.jpeg","https://salt.tikicdn.com/cache/200x280/ts/product/42/bb/d5/257342a049e63f49471beda26dfbe73d.jpg, https://salt.tikicdn.com/cache/200x280/ts/product/38/30/52/0274eabd2daeb1bbdb49e401061a705f.jpeg","https://salt.tikicdn.com/cache/200x280/ts/product/42/bb/d5/257342a049e63f49471beda26dfbe73d.jpg, https://salt.tikicdn.com/cache/200x280/ts/product/38/30/52/0274eabd2daeb1bbdb49e401061a705f.jpeg",1000,0
498823,Sách Chinese Houses Of Southeast Asia - Paperback,730000,"Chinese Houses Of Southeast Asia Over a period of several years, noted Chinese cultural historian Ronald G. Knapp traveled throughout Southeast Asia, searching out homes built by the first generation...","Chinese Houses Of Southeast Asia Over a period of several years, noted Chinese cultural historian Ronald G. Knapp traveled throughout Southeast Asia, searching out homes built by the first generations of successful Chinese settlers during the late eighteenth to the early twentieth century. In Chinese Houses of Southeast Asia, Knapp presents an eye-opening account of how Chinese migration into Indonesia, Malaysia, the Philippines, Singapore, Thailand, and Vietnam spawned a unique hybrid architectural style that combined Chinese, European, and local influences. Many of these overseas Chinese heritage homes are disappearing, but Knapp—along with renowned photographer A. Chester Ong—visited a number of the shophouses, bungalows, villas, and mansions that remain. More than three dozen of these elegant residences form the core of this book, and through essays, historic photographs, paintings, and line drawings, Knapp draws an illuminating portrait of each residence along with background information about the families who built and lived in them. These profiles reveal the entrepreneurial spirit of the Chinese as well as their social and economic circumstances. A stunning marriage of scholarship and photography, Chinese Houses of Southeast Asia explores a little known branch of Chinese architecture and provides a new perspective on Chinese migration, settlement, and identity in Southeast Asia. Giá sản phẩm trên Tiki đã bao gồm thuế theo luật hiện hành. Bên cạnh đó, tuỳ vào loại sản phẩm, hình thức và địa chỉ giao hàng mà có thể phát sinh thêm chi phí khác như phí vận chuyển, phụ phí hàng cồng kềnh, thuế nhập khẩu (đối với đơn hàng giao từ nước ngoài có giá trị trên 1 triệu đồng).....",0,0,"https://salt.tikicdn.com/media/catalog/product/6/1/61+ochjm2al._sx377_bo1,204,203,200_.u2487.d20160514.t114342.jpg","https://salt.tikicdn.com/cache/w1200/media/catalog/product/6/1/61+ochjm2al._sx377_bo1,204,203,200_.u2487.d20160514.t114342.jpg","https://salt.tikicdn.com/cache/w300/media/catalog/product/6/1/61+ochjm2al._sx377_bo1,204,203,200_.u2487.d20160514.t114342.jpg","https://salt.tikicdn.com/cache/200x280/media/catalog/product/6/1/61+ochjm2al._sx377_bo1,204,203,200_.u2487.d20160514.t114342.jpg","https://salt.tikicdn.com/cache/200x280/media/catalog/product/6/1/61+ochjm2al._sx377_bo1,204,203,200_.u2487.d20160514.t114342.jpg",1000,0
496238,Sách Kyoto Garadens,600000,"Kyoto Gardens Featuring beautiful Japanese garden photography and insightful writing, Kyoto Gardens is a labor of love from master photographer Ben Simmons and Kyoto-based writer Judith Clancy. In th...","Kyoto Gardens Featuring beautiful Japanese garden photography and insightful writing, Kyoto Gardens is a labor of love from master photographer Ben Simmons and Kyoto-based writer Judith Clancy. In their rocks and plants, empty spaces and intimate details Kyoto's gardens manifest a unique ability to provoke thought and delight in equal measure. These varied landscapes meld the sensuality of nature with the disciplines of cosmology, poetry and meditation. Japanese aristocrats created these gardens to display not just wealth and power, but cultural sensitivity and an appreciation for transcendent beauty. A class of professional gardeners eventually emerged, transforming Japanese landscape design into a formalized art. Today, Kyoto's gardens display an enormous range of forms from rock gardens display of extreme minimalism and subtle hues, to stroll gardens of luscious proportions and vibrant colors. In Kyoto Gardens Simmons' photographs present a fresh and contemporary look at Kyoto's most important gardens. Their beauty is enhanced and humanized by gardeners tending the grounds using the tools of their art. Clancy's graceful text provides historic, aesthetic and cultural context to the Japanese gardens. Combining wonder and rigor, she describes how Kyoto's most beloved gardens remain faithful to their founders' creative spirit and conception. Journey to Kyoto's thirty gardens with just a turn of a page, or use the handy maps to plan your trip. Giá sản phẩm trên Tiki đã bao gồm thuế theo luật hiện hành. Bên cạnh đó, tuỳ vào loại sản phẩm, hình thức và địa chỉ giao hàng mà có thể phát sinh thêm chi phí khác như phí vận chuyển, phụ phí hàng cồng kềnh, thuế nhập khẩu (đối với đơn hàng giao từ nước ngoài có giá trị trên 1 triệu đồng).....",5,1,https://salt.tikicdn.com/media/catalog/product/1/4/14.u335.d20160514.t110353.jpg,https://salt.tikicdn.com/cache/w1200/media/catalog/product/1/4/14.u335.d20160514.t110353.jpg,https://salt.tikicdn.com/cache/w300/media/catalog/product/1/4/14.u335.d20160514.t110353.jpg,https://salt.tikicdn.com/cache/200x280/media/catalog/product/1/4/14.u335.d20160514.t110353.jpg,https://salt.tikicdn.com/cache/200x280/media/catalog/product/1/4/14.u335.d20160514.t110353.jpg,1000,1
277994435,Sách - States Of Architecture : In The Twenty - First Century by Rodolphe El-Khoury,680000,Tác giả: Rodolphe El-KhouryNhà xuất bản: Thames & HudsonNăm xuất bản: 2010Công ty phát hành: 66BooksSố Trang: 377 trangLoại bìa: Bìa cứngNgôn ngữ: Tiếng AnhISBN: 9780500342695 Trong sáu t...,"Tác giả: Rodolphe El-Khoury Nhà xuất bản: Thames & Hudson Năm xuất bản: 2010 Công ty phát hành: 66Books Số Trang: 377 trang Loại bìa: Bìa cứng Ngôn ngữ: Tiếng Anh ISBN: 9780500342695 Trong sáu tháng của năm 2010, Thượng Hải đã là nơi tổ chức Triển lãm Thế giới lớn nhất và đầy tham vọng nhất trong lịch sử. Trung tâm của sự kiện này là các gian hàng và hội trường thực sự đáng chú ý, nơi trưng bày các triển lãm của 189 quốc gia và 57 tổ chức quốc tế tham gia. Cuốn sách đầu tiên bao gồm các bức ảnh và bản vẽ kiến ​​trúc của các tòa nhà đã hoàn thành, cuốn sách mới quan trọng này giới thiệu các tòa nhà đầy tham vọng nhất của Triển lãm và phản ánh sự năng động và tinh thần sáng tạo chắc chắn sẽ ảnh hưởng đến các kiến ​​trúc sư và nhà thiết kế trong nhiều năm tới. For six months in 2010 Shanghai has been host to the biggest and most ambitious World Expo in history. Central to the event are the truly remarkable pavilions and halls that house exhibitions of the 189 countries and 57 international organisations taking part. The first to include photographs and architectural drawings of the completed buildings, this important new book showcases the Expos most ambitious buildings and reflects a dynamism and spirit of creativity that will surely influence architects and designers for years to come. Giá sản phẩm trên Tiki đã bao gồm thuế theo luật hiện hành. Bên cạnh đó, tuỳ vào loại sản phẩm, hình thức và địa chỉ giao hàng mà có thể phát sinh thêm chi phí khác như phí vận chuyển, phụ phí hàng cồng kềnh, thuế nhập khẩu (đối với đơn hàng giao từ nước ngoài có giá trị trên 1 triệu đồng).....",0,0,"https://salt.tikicdn.com/ts/product/98/3b/41/a269d4116b2dd670c033203b258e7ec7.jpg, https://salt.tikicdn.com/ts/product/46/3b/34/3daaaa1ff91374e299dff2c6fd0285c8.jpg, https://salt.tikicdn.com/ts/product/19/2e/5d/f75815bef40a93804340ac38a5e6947f.jpg, https://salt.tikicdn.com/ts/product/8b/2f/83/a3c34c9db8459a4c0b03fe3b201027b9.jpg, https://salt.tikicdn.com/ts/product/7a/97/e6/0e707ba80ca7f898e0b707310ba42b2a.jpg","https://salt.tikicdn.com/cache/w1200/ts/product/98/3b/41/a269d4116b2dd670c033203b258e7ec7.jpg, https://salt.tikicdn.com/cache/w1200/ts/product/46/3b/34/3daaaa1ff91374e299dff2c6fd0285c8.jpg, https://salt.tikicdn.com/cache/w1200/ts/product/19/2e/5d/f75815bef40a93804340ac38a5e6947f.jpg, https://salt.tikicdn.com/cache/w1200/ts/product/8b/2f/83/a3c34c9db8459a4c0b03fe3b201027b9.jpg, https://salt.tikicdn.com/cache/w1200/ts/product/7a/97/e6/0e707ba80ca7f898e0b707310ba42b2a.jpg","https://salt.tikicdn.com/cache/w300/ts/product/98/3b/41/a269d4116b2dd670c033203b258e7ec7.jpg, https://salt.tikicdn.com/cache/w300/ts/product/46/3b/34/3daaaa1ff91374e299dff2c6fd0285c8.jpg, https://salt.tikicdn.com/cache/w300/ts/product/19/2e/5d/f75815bef40a93804340ac38a5e6947f.jpg, https://salt.tikicdn.com/cache/w300/ts/product/8b/2f/83/a3c34c9db8459a4c0b03fe3b201027b9.jpg, https://salt.tikicdn.com/cache/w300/ts/product/7a/97/e6/0e707ba80ca7f898e0b707310ba42b2a.jpg","https://salt.tikicdn.com/cache/200x280/ts/product/98/3b/41/a269d4116b2dd670c033203b258e7ec7.jpg, https://salt.tikicdn.com/cache/200x280/ts/product/46/3b/34/3daaaa1ff91374e299dff2c6fd0285c8.jpg, https://salt.tikicdn.com/cache/200x280/ts/product/19/2e/5d/f75815bef40a93804340ac38a5e6947f.jpg, https://salt.tikicdn.com/cache/200x280/ts/product/8b/2f/83/a3c34c9db8459a4c0b03fe3b201027b9.jpg, https://salt.tikicdn.com/cache/200x280/ts/product/7a/97/e6/0e707ba80ca7f898e0b707310ba42b2a.jpg","https://salt.tikicdn.com/cache/200x280/ts/product/98/3b/41/a269d4116b2dd670c033203b258e7ec7.jpg, https://salt.tikicdn.com/cache/200x280/ts/product/46/3b/34/3daaaa1ff91374e299dff2c6fd0285c8.jpg, https://salt.tikicdn.com/cache/200x280/ts/product/19/2e/5d/f75815bef40a93804340ac38a5e6947f.jpg, https://salt.tikicdn.com/cache/200x280/ts/product/8b/2f/83/a3c34c9db8459a4c0b03fe3b201027b9.jpg, https://salt.tikicdn.com/cache/200x280/ts/product/7a/97/e6/0e707ba80ca7f898e0b707310ba42b2a.jpg",1000,0
277915035,Archigram Ten,1100000,"In the 1960s and ‘70s, Archigram speculated on the nature of architecture in ways that influenced a generation. In an era defined by the space race, the group’s exploration of movable structures and m...","In the 1960s and ‘70s, Archigram speculated on the nature of architecture in ways that influenced a generation. In an era defined by the space race, the group’s exploration of movable structures and modular systems stretched far beyond known technologies or contemporary realities. Archigram magazine became the platform for exploring and sharing many of these themes. Launched in 1961, the magazine ran for 9 ½ issues until 1974, when Archigram disbanded. Now, after a 50-year pause for thought, Archigram is back. Edited by Peter Cook, with contributions from Archigram founding members Dennis Crompton, David Greene and Michael Webb, and with inputs from numerous contemporary designers, technologists and critics, Archigram Ten takes a wry backward glance and imagines a bold leap forward. It looks at where architecture is going currently and asks: why? Contributors include: Hitoshi Abe, Odile Decq, Elizabeth Diller, Thom Mayne, and Eric Owen Moss. Giá sản phẩm trên Tiki đã bao gồm thuế theo luật hiện hành. Bên cạnh đó, tuỳ vào loại sản phẩm, hình thức và địa chỉ giao hàng mà có thể phát sinh thêm chi phí khác như phí vận chuyển, phụ phí hàng cồng kềnh, thuế nhập khẩu (đối với đơn hàng giao từ nước ngoài có giá trị trên 1 triệu đồng).....",0,0,https://salt.tikicdn.com/ts/product/f8/a7/61/5c723442005028324943ea468928df03.jpg,https://salt.tikicdn.com/cache/w1200/ts/product/f8/a7/61/5c723442005028324943ea468928df03.jpg,https://salt.tikicdn.com/cache/w300/ts/product/f8/a7/61/5c723442005028324943ea468928df03.jpg,https://salt.tikicdn.com/cache/200x280/ts/product/f8/a7/61/5c723442005028324943ea468928df03.jpg,https://salt.tikicdn.com/cache/200x280/ts/product/f8/a7/61/5c723442005028324943ea468928df03.jpg,1000,0
277553905,"Sách - 100 Churches 100 Years by Batsford - Sách nghệ thuật, tiếng anh, nhập khẩu UK",680000,Tác giả: BatsfordNhà xuất bản: BatsfordNăm xuất bản: 2019Công ty phát hành: 66BooksLoại bìa: Bìa cứngSố trang: 208 TrangNgôn ngữ: Tiếng AnhISBN: 9781849945141Kích thước: 19.63 x 2.49 x 25.43 c...,"Tác giả: Batsford Nhà xuất bản: Batsford Năm xuất bản: 2019 Công ty phát hành: 66Books Loại bìa: Bìa cứng Số trang: 208 Trang Ngôn ngữ: Tiếng Anh ISBN: 9781849945141 Kích thước: 19.63 x 2.49 x 25.43 cm Tiếp nối 100 tòa nhà 100 năm và 100 ngôi nhà 100 năm, cuốn sách này minh họa và mô tả 100 nhà thờ và nhà nguyện được xây dựng ở Anh từ năm 1914, lập biểu đồ về sự phát triển của các tòa nhà thờ cúng. Trong thời kỳ này, bê tông và thép đã mang lại sự tự do mới cho việc xây dựng, trong khi những ý tưởng mới về cách các giáo đoàn có thể tham gia vào các buổi lễ đã thay đổi các giả định về cách bố trí truyền thống, đưa những người chủ tế và mọi người đến gần nhau hơn. Thế kỷ này chứng kiến ​​những nhà thờ năng động với hình dạng ấn tượng ở mọi quy mô nhờ kỹ thuật đầy tham vọng và màu sắc rực rỡ từ các dạng kính màu, tranh tường và điêu khắc mới. Các kiến ​​trúc sư có tác phẩm được đưa vào đây bao gồm Basil Spence và Edward Maufe, những nhà thiết kế của các thánh đường lớn, cho đến Gillespie, Kidd và Coia cấp tiến có chủng viện theo chủ nghĩa tàn bạo bị bỏ hoang gần Dumbarton. Cuốn sách cung cấp tiểu sử của các nhà thiết kế lớn; các bài viết về kính, phụ kiện cũng như về giáo đường Do Thái, nhà thờ Hồi giáo và đền thờ đóng vai trò nội tại và quan trọng trong việc thờ cúng ở Anh ngày nay. Những người đóng góp bao gồm các nhà sử học kiến ​​trúc Elain Harwood, Alan Powers và Clare Price. Những bức ảnh đẹp xuyên suốt thể hiện những nét đẹp nhất của thiết kế nhà thờ Anh, cho dù đó là sự đối xứng tối thiểu của bàn thờ khung gỗ hay ánh sáng chiếu qua tấm kính màu nhiều màu. Following on from 100 Buildings 100 Years and 100 Houses 100 Years, this book illustrates and describes 100 churches and chapels built in the UK since 1914, charting the development of buildings for worship. In this period concrete and steel gave a new freedom to construction, while new ideas about how congregations could participate in services changed assumptions about traditional layouts, bringing celebrants and people closer together. The century saw dynamic churches in dramatic shapes of all sizes thanks to ambitious engineering, and brilliant colour from new forms of stained glass, murals and sculpture. Architects whose work is included here range from Basil Spence and Edward Maufe, designers of major cathedrals, to the radical Gillespie, Kidd and Coia whose brutalist seminary lies abandoned near Dumbarton. The book provides biographies of major designers; articles on glass, fittings, and on the synagogues, mosques and temples that play an intrinsic and important part in worship in Britain today. Contributors include architectural historians Elain Harwood, Alan Powers and Clare Price. Beautiful photography throughout showcases the very best of British church design, whether it is the minimal symmetry of a timber-framed altar, or light streaming in through a multi-coloured stained glass panel. Giá sản phẩm trên Tiki đã bao gồm thuế theo luật hiện hành. Bên cạnh đó, tuỳ vào loại sản phẩm, hình thức và địa chỉ giao hàng mà có thể phát sinh thêm chi phí khác như phí vận chuyển, phụ phí hàng cồng kềnh, thuế nhập khẩu (đối với đơn hàng giao từ nước ngoài có giá trị trên 1 triệu đồng).....",0,0,"https://salt.tikicdn.com/ts/product/3f/2e/6c/54cb6f340f9b5cf7f94e170c3c32ede6.jpg, https://salt.tikicdn.com/ts/product/fd/83/29/4ed3b481ebc4326538f027dcdd298ac1.jpg, https://salt.tikicdn.com/ts/product/81/1f/38/b4884a4faa7f67535d669ce88efc966b.jpg, https://salt.tikicdn.com/ts/product/72/52/ba/6ac4236d86a98dbd5a9793c13ee908a4.jpg","https://salt.tikicdn.com/cache/w1200/ts/product/3f/2e/6c/54cb6f340f9b5cf7f94e170c3c32ede6.jpg, https://salt.tikicdn.com/cache/w1200/ts/product/fd/83/29/4ed3b481ebc4326538f027dcdd298ac1.jpg, https://salt.tikicdn.com/cache/w1200/ts/product/81/1f/38/b4884a4faa7f67535d669ce88efc966b.jpg, https://salt.tikicdn.com/cache/w1200/ts/product/72/52/ba/6ac4236d86a98dbd5a9793c13ee908a4.jpg","https://salt.tikicdn.com/cache/w300/ts/product/3f/2e/6c/54cb6f340f9b5cf7f94e170c3c32ede6.jpg, https://salt.tikicdn.com/cache/w300/ts/product/fd/83/29/4ed3b481ebc4326538f027dcdd298ac1.jpg, https://salt.tikicdn.com/cache/w300/ts/product/81/1f/38/b4884a4faa7f67535d669ce88efc966b.jpg, https://salt.tikicdn.com/cache/w300/ts/product/72/52/ba/6ac4236d86a98dbd5a9793c13ee908a4.jpg","https://salt.tikicdn.com/cache/200x280/ts/product/3f/2e/6c/54cb6f340f9b5cf7f94e170c3c32ede6.jpg, https://salt.tikicdn.com/cache/200x280/ts/product/fd/83/29/4ed3b481ebc4326538f027dcdd298ac1.jpg, https://salt.tikicdn.com/cache/200x280/ts/product/81/1f/38/b4884a4faa7f67535d669ce88efc966b.jpg, https://salt.tikicdn.com/cache/200x280/ts/product/72/52/ba/6ac4236d86a98dbd5a9793c13ee908a4.jpg","https://salt.tikicdn.com/cache/200x280/ts/product/3f/2e/6c/54cb6f340f9b5cf7f94e170c3c32ede6.jpg, https://salt.tikicdn.com/cache/200x280/ts/product/fd/83/29/4ed3b481ebc4326538f027dcdd298ac1.jpg, https://salt.tikicdn.com/cache/200x280/ts/product/81/1f/38/b4884a4faa7f67535d669ce88efc966b.jpg, https://salt.tikicdn.com/cache/200x280/ts/product/72/52/ba/6ac4236d86a98dbd5a9793c13ee908a4.jpg",1000,0
276740644,Master Of The House :The Theatres Of Cameron ,1780000,"Cameron Mackintosh is London’s West End’s leading theatrical producer of musicals such as Cats, Phantom of the Opera and Les Miserables. He is also a significant theatre owner and has completed a two-...","Cameron Mackintosh is London’s West End’s leading theatrical producer of musicals such as Cats, Phantom of the Opera and Les Miserables. He is also a significant theatre owner and has completed a two-decade campaign of refurbishment and rebuilding of eight London theatres, at his own personal cost of £250m, that has set the tempo for maintaining one of Britain’s greatest cultural heritages for the next century, the West End theatre in the heart of the nation’s artistic life. Master of the House charts the histories of these eight iconic London buildings; their origins, their stories, the iconic shows and productions, the stars and the glamour. Lavishly illustrated with images from the Delfont Mackintosh archive, the book also contains original architect plans and drawings, specially-commissioned photographs of the refurbishment, show posters and other theatre ephemera, and many sweeping panoramas of the exquisitely finished spaces. Giá sản phẩm trên Tiki đã bao gồm thuế theo luật hiện hành. Bên cạnh đó, tuỳ vào loại sản phẩm, hình thức và địa chỉ giao hàng mà có thể phát sinh thêm chi phí khác như phí vận chuyển, phụ phí hàng cồng kềnh, thuế nhập khẩu (đối với đơn hàng giao từ nước ngoài có giá trị trên 1 triệu đồng).....",0,0,"https://salt.tikicdn.com/ts/product/96/63/0d/5ea577a664f9fcad42fcee4d9117634f.jpg, https://salt.tikicdn.com/ts/product/cc/24/76/de647d72af10ee17379c3cd75cc59718.jpg, https://salt.tikicdn.com/ts/product/c7/d6/d8/4614450d733fc5f02ece8c9d1bf04188.jpg, https://salt.tikicdn.com/ts/product/3a/5c/47/da05f09189986e5654a3cc59f0241649.jpg, https://salt.tikicdn.com/ts/product/c6/a4/d5/5ba389ef09a610ab176f260881ac65dc.jpg","https://salt.tikicdn.com/cache/w1200/ts/product/96/63/0d/5ea577a664f9fcad42fcee4d9117634f.jpg, https://salt.tikicdn.com/cache/w1200/ts/product/cc/24/76/de647d72af10ee17379c3cd75cc59718.jpg, https://salt.tikicdn.com/cache/w1200/ts/product/c7/d6/d8/4614450d733fc5f02ece8c9d1bf04188.jpg, https://salt.tikicdn.com/cache/w1200/ts/product/3a/5c/47/da05f09189986e5654a3cc59f0241649.jpg, https://salt.tikicdn.com/cache/w1200/ts/product/c6/a4/d5/5ba389ef09a610ab176f260881ac65dc.jpg","https://salt.tikicdn.com/cache/w300/ts/product/96/63/0d/5ea577a664f9fcad42fcee4d9117634f.jpg, https://salt.tikicdn.com/cache/w300/ts/product/cc/24/76/de647d72af10ee17379c3cd75cc59718.jpg, https://salt.tikicdn.com/cache/w300/ts/product/c7/d6/d8/4614450d733fc5f02ece8c9d1bf04188.jpg, https://salt.tikicdn.com/cache/w300/ts/product/3a/5c/47/da05f09189986e5654a3cc59f0241649.jpg, https://salt.tikicdn.com/cache/w300/ts/product/c6/a4/d5/5ba389ef09a610ab176f260881ac65dc.jpg","https://salt.tikicdn.com/cache/200x280/ts/product/96/63/0d/5ea577a664f9fcad42fcee4d9117634f.jpg, https://salt.tikicdn.com/cache/200x280/ts/product/cc/24/76/de647d72af10ee17379c3cd75cc59718.jpg, https://salt.tikicdn.com/cache/200x280/ts/product/c7/d6/d8/4614450d733fc5f02ece8c9d1bf04188.jpg, https://salt.tikicdn.com/cache/200x280/ts/product/3a/5c/47/da05f09189986e5654a3cc59f0241649.jpg, https://salt.tikicdn.com/cache/200x280/ts/product/c6/a4/d5/5ba389ef09a610ab176f260881ac65dc.jpg","https://salt.tikicdn.com/cache/200x280/ts/product/96/63/0d/5ea577a664f9fcad42fcee4d9117634f.jpg, https://salt.tikicdn.com/cache/200x280/ts/product/cc/24/76/de647d72af10ee17379c3cd75cc59718.jpg, https://salt.tikicdn.com/cache/200x280/ts/product/c7/d6/d8/4614450d733fc5f02ece8c9d1bf04188.jpg, https://salt.tikicdn.com/cache/200x280/ts/product/3a/5c/47/da05f09189986e5654a3cc59f0241649.jpg, https://salt.tikicdn.com/cache/200x280/ts/product/c6/a4/d5/5ba389ef09a610ab176f260881ac65dc.jpg",1000,0
276139283,"Correlations : Life + Work, Bentel And Bentel Architects (H)",1960000,"Richly illustrated, this monograph offers an exceptional insight into the methodology and holistic design approaches of award-winning architectural firm, Bentel & BentelProvides compelling discu...","Richly illustrated, this monograph offers an exceptional insight into the methodology and holistic design approaches of award-winning architectural firm, Bentel & Bentel Provides compelling discussion on prominent buildings and interiors designed by the studio Foreword written by distinguished architectural critic John Morris Dixon A fascinating journey through the history of the firm, including illustrated presentation of the partners' histories, working methods, and artistic pursuits Based in a historically distinguished town near New York City, the firm of Bentel & Bentel Architects has been led for over 50 years by two generations - men and women - of one family. The interweaving of their experiences, lifestyles, and personal philosophies has produced a uniquely elegant series of works including public buildings, restaurants, and hotels. The buildings are equally notable for their thoughtful relationships to the structures they occupy or adjoin, the communities in which they stand, and the experiences of their intended users. Bentel & Bentel's accomplishments reflect not only its cumulative design experience but the insights the partners bring to their work from a variety of related activities: painting, sculpture, dance, design of furnishings, architectural history, and education. Reflecting the lives and accomplishments of the firm's partners, this monograph is composed of three narratives: Who We Are, What We Do, and Who We Were. Giá sản phẩm trên Tiki đã bao gồm thuế theo luật hiện hành. Bên cạnh đó, tuỳ vào loại sản phẩm, hình thức và địa chỉ giao hàng mà có thể phát sinh thêm chi phí khác như phí vận chuyển, phụ phí hàng cồng kềnh, thuế nhập khẩu (đối với đơn hàng giao từ nước ngoài có giá trị trên 1 triệu đồng).....",0,0,https://salt.tikicdn.com/ts/product/bb/b0/df/4b56710deb651b0db42f770c245e2527.jpg,https://salt.tikicdn.com/cache/w1200/ts/product/bb/b0/df/4b56710deb651b0db42f770c245e2527.jpg,https://salt.tikicdn.com/cache/w300/ts/product/bb/b0/df/4b56710deb651b0db42f770c245e2527.jpg,https://salt.tikicdn.com/cache/200x280/ts/product/bb/b0/df/4b56710deb651b0db42f770c245e2527.jpg,https://salt.tikicdn.com/cache/200x280/ts/product/bb/b0/df/4b56710deb651b0db42f770c245e2527.jpg,1000,0
275108040,Design Monograph: Eames,510000,"A design monograph on Charles and Ray Eames, the golden couple of postwar American design. A design monograph series on the most remarkable architects, designers, brands and design movements of the t...","A design monograph on Charles and Ray Eames, the golden couple of postwar American design. A design monograph series on the most remarkable architects, designers, brands and design movements of the twentieth and twenty-first centuries, each book contains a historical-critical essay discussing the life and work of the subject, followed by an illustrated appreciation of groundbreaking work. Charles and Ray Eames were the golden couple of postwar American design. True multimedia pioneers, they worked in furniture design, architecture, print, photography and filmmaking. They imbued the modern twentieth-century aesthetic with originality, colour and freshness, and their ability to mould plastics and plywood with an elegance not previously seen resulted in some of the most influential furniture design of the modern age – witnessed not just in the continuing popularity of their original designs but also in the mass prodcution of countless imitations. Giá sản phẩm trên Tiki đã bao gồm thuế theo luật hiện hành. Bên cạnh đó, tuỳ vào loại sản phẩm, hình thức và địa chỉ giao hàng mà có thể phát sinh thêm chi phí khác như phí vận chuyển, phụ phí hàng cồng kềnh, thuế nhập khẩu (đối với đơn hàng giao từ nước ngoài có giá trị trên 1 triệu đồng).....",0,0,"https://salt.tikicdn.com/ts/product/19/d4/e5/dece4c18dd7011d4e9419760d5504853.jpg, https://salt.tikicdn.com/ts/product/ca/07/0a/0c0bab04a16d55acfc341b7505007039.jpg, https://salt.tikicdn.com/ts/product/71/75/46/4490fe9f315fe62eabc57e420b669951.jpg","https://salt.tikicdn.com/cache/w1200/ts/product/19/d4/e5/dece4c18dd7011d4e9419760d5504853.jpg, https://salt.tikicdn.com/cache/w1200/ts/product/ca/07/0a/0c0bab04a16d55acfc341b7505007039.jpg, https://salt.tikicdn.com/cache/w1200/ts/product/71/75/46/4490fe9f315fe62eabc57e420b669951.jpg","https://salt.tikicdn.com/cache/w300/ts/product/19/d4/e5/dece4c18dd7011d4e9419760d5504853.jpg, https://salt.tikicdn.com/cache/w300/ts/product/ca/07/0a/0c0bab04a16d55acfc341b7505007039.jpg, https://salt.tikicdn.com/cache/w300/ts/product/71/75/46/4490fe9f315fe62eabc57e420b669951.jpg","https://salt.tikicdn.com/cache/200x280/ts/product/19/d4/e5/dece4c18dd7011d4e9419760d5504853.jpg, https://salt.tikicdn.com/cache/200x280/ts/product/ca/07/0a/0c0bab04a16d55acfc341b7505007039.jpg, https://salt.tikicdn.com/cache/200x280/ts/product/71/75/46/4490fe9f315fe62eabc57e420b669951.jpg","https://salt.tikicdn.com/cache/200x280/ts/product/19/d4/e5/dece4c18dd7011d4e9419760d5504853.jpg, https://salt.tikicdn.com/cache/200x280/ts/product/ca/07/0a/0c0bab04a16d55acfc341b7505007039.jpg, https://salt.tikicdn.com/cache/200x280/ts/product/71/75/46/4490fe9f315fe62eabc57e420b669951.jpg",1000,0
274471177,"Architectural Drawing Course The Hand Drawing Technique, The",590000,"All students with a budding interest in architectural design will value this book for its solid foundational orientation and instruction. Mo Zell introduces readers to architecture s visual language, ...","All students with a budding interest in architectural design will value this book for its solid foundational orientation and instruction. Mo Zell introduces readers to architecture s visual language, showing them how to think spatially and getting them started in architectural drawing with a series of instructional tutorials. Using three-dimensional design problems, she coaches students through the fundamentals of proportion and scale, space and volume, path and place and materials and textures. A series of study units cover virtually every aspect of architectural drawing. This book concludes with practical advice for anyone considering a career in architectural design, offering ideas on building a portfolio, getting advanced training and continuing on a path to a professional career.Table of ContentsIntroduction Defining Drawing and Representation Learning to See Sketching Fundamental Drawing Skills Orthographic Projection Objective Abstraction Axonometric Subjective Representation Perspective Spatial Strategies Rendering Advice Giá sản phẩm trên Tiki đã bao gồm thuế theo luật hiện hành. Bên cạnh đó, tuỳ vào loại sản phẩm, hình thức và địa chỉ giao hàng mà có thể phát sinh thêm chi phí khác như phí vận chuyển, phụ phí hàng cồng kềnh, thuế nhập khẩu (đối với đơn hàng giao từ nước ngoài có giá trị trên 1 triệu đồng).....",0,0,https://salt.tikicdn.com/ts/product/35/c2/65/3d37987b5017115b3a759c9fed95cd3b.jpg,https://salt.tikicdn.com/cache/w1200/ts/product/35/c2/65/3d37987b5017115b3a759c9fed95cd3b.jpg,https://salt.tikicdn.com/cache/w300/ts/product/35/c2/65/3d37987b5017115b3a759c9fed95cd3b.jpg,https://salt.tikicdn.com/cache/200x280/ts/product/35/c2/65/3d37987b5017115b3a759c9fed95cd3b.jpg,https://salt.tikicdn.com/cache/200x280/ts/product/35/c2/65/3d37987b5017115b3a759c9fed95cd3b.jpg,1000,0
274118694,Reviving : Great Houses From The Past,1380000,"Reviving: Great Houses from the Past is a book published in 2013, written about the restoration and renovation of houses built between 1900 and 1950 in Australia. These houses from this era are now hi...","Reviving: Great Houses from the Past is a book published in 2013, written about the restoration and renovation of houses built between 1900 and 1950 in Australia. These houses from this era are now highly sought-after, and are being cleverly transformed by architects to create stunning contemporary spaces. This book is written by Stephen Crafti, a journalist and author famous for architecture and design. This book has images and stories from the homeowners, giving a unique perspective on the design and construction process Giá sản phẩm trên Tiki đã bao gồm thuế theo luật hiện hành. Bên cạnh đó, tuỳ vào loại sản phẩm, hình thức và địa chỉ giao hàng mà có thể phát sinh thêm chi phí khác như phí vận chuyển, phụ phí hàng cồng kềnh, thuế nhập khẩu (đối với đơn hàng giao từ nước ngoài có giá trị trên 1 triệu đồng).....",0,0,https://salt.tikicdn.com/ts/product/ac/fa/ea/2ba61be88bd8d7a52639560d69016697.jpg,https://salt.tikicdn.com/cache/w1200/ts/product/ac/fa/ea/2ba61be88bd8d7a52639560d69016697.jpg,https://salt.tikicdn.com/cache/w300/ts/product/ac/fa/ea/2ba61be88bd8d7a52639560d69016697.jpg,https://salt.tikicdn.com/cache/200x280/ts/product/ac/fa/ea/2ba61be88bd8d7a52639560d69016697.jpg,https://salt.tikicdn.com/cache/200x280/ts/product/ac/fa/ea/2ba61be88bd8d7a52639560d69016697.jpg,1000,0
274118692,A Lyric Architecture : Selected Works Of John Malick & Associates,1380000,"A Lyric Architecture: Selected Works of John Malick & Associates is a book published in 2013, written about the architectural and interior design works of John Malick & Associates, an architec...","A Lyric Architecture: Selected Works of John Malick & Associates is a book published in 2013, written about the architectural and interior design works of John Malick & Associates, an architectural firm based in California, USA. This book is a collection of selected projects, reflecting the spirit of a specific time and place, while also addressing current needs and budgets. This book also shows the care and refinement of the firm for the details and building materials, bringing beauty and comfort to the living space. This book has vivid images and texts, helping the reader to feel the sophistication of a classical villa in the Palladian style, the warmth of a small house in Yorkshire, and the simplicity of a Mediterranean village on the hill. Giá sản phẩm trên Tiki đã bao gồm thuế theo luật hiện hành. Bên cạnh đó, tuỳ vào loại sản phẩm, hình thức và địa chỉ giao hàng mà có thể phát sinh thêm chi phí khác như phí vận chuyển, phụ phí hàng cồng kềnh, thuế nhập khẩu (đối với đơn hàng giao từ nước ngoài có giá trị trên 1 triệu đồng).....",0,0,https://salt.tikicdn.com/ts/product/f7/fd/a0/eafa77fa8dbf383aaa5710eafbba37c5.jpg,https://salt.tikicdn.com/cache/w1200/ts/product/f7/fd/a0/eafa77fa8dbf383aaa5710eafbba37c5.jpg,https://salt.tikicdn.com/cache/w300/ts/product/f7/fd/a0/eafa77fa8dbf383aaa5710eafbba37c5.jpg,https://salt.tikicdn.com/cache/200x280/ts/product/f7/fd/a0/eafa77fa8dbf383aaa5710eafbba37c5.jpg,https://salt.tikicdn.com/cache/200x280/ts/product/f7/fd/a0/eafa77fa8dbf383aaa5710eafbba37c5.jpg,1000,0
274098378,Beata Heuman: Every Room Should Sing,1479000,"Beata Heuman: Every Room Should Sing The highly anticipated debut monograph from one of today's leading designers championing playful, original interiors infused with Scandinavian flair.Swedish-born...","Beata Heuman: Every Room Should Sing The highly anticipated debut monograph from one of today's leading designers championing playful, original interiors infused with Scandinavian flair. Swedish-born, London-based interior designer Beata Heuman founded her eponymous studio in 2013 after working for Nicky Haslam for nine years. In a short amount of time her lively interiors and custom furnishings have made her one of today's most in-demand creatives. Heuman's rooms, colorful spaces enlivened by exuberant elements and poetic inspirations, capture her signature quirkiness and Scandinavian attention to detail while staying rooted in practicality. Lauded for international residential and commercial projects, Heuman has also garnered praise for her growing collection of bespoke fabrics, wallpaper, lighting, homewares, and furniture. This beautifully crafted volume presents Heuman's innovative approach in book form for the very first time. Organized according to design principle, each chapter offers fresh ways to think about decorating a home, finding your voice, making ordinary details extraordinary, and forging a truly unique space. Vibrant photographs showcase standout properties--including several London town houses and a Nantucket vacation residence--that are brought to life by cheerful color palettes, unexpected contrasts, and a dégagé use of bold patterns and texture. With original drawings and whimsical graphic details, this new tome is a dynamic look into the ethos and work of one of the most exciting names in interior design today. Giá sản phẩm trên Tiki đã bao gồm thuế theo luật hiện hành. Bên cạnh đó, tuỳ vào loại sản phẩm, hình thức và địa chỉ giao hàng mà có thể phát sinh thêm chi phí khác như phí vận chuyển, phụ phí hàng cồng kềnh, thuế nhập khẩu (đối với đơn hàng giao từ nước ngoài có giá trị trên 1 triệu đồng).....",0,0,https://salt.tikicdn.com/ts/product/c9/6c/88/1735fd2daa3ae01b12058a2b21fb1a44.jpg,https://salt.tikicdn.com/cache/w1200/ts/product/c9/6c/88/1735fd2daa3ae01b12058a2b21fb1a44.jpg,https://salt.tikicdn.com/cache/w300/ts/product/c9/6c/88/1735fd2daa3ae01b12058a2b21fb1a44.jpg,https://salt.tikicdn.com/cache/200x280/ts/product/c9/6c/88/1735fd2daa3ae01b12058a2b21fb1a44.jpg,https://salt.tikicdn.com/cache/200x280/ts/product/c9/6c/88/1735fd2daa3ae01b12058a2b21fb1a44.jpg,1000,0
273640731,Artbook - Sách Tiếng Anh - New Clinic Design,1920000,"New Clinic Design, được xuất bản bởi Archiworld Co,.Ltd. Đây là một cuốn sách dành cho những ai quan tâm đến nghệ thuật kiến trúc và thiết kế nội thất, đặc biệt là trong lĩnh vực y tế.Cuốn sách này g...","New Clinic Design, được xuất bản bởi Archiworld Co,.Ltd. Đây là một cuốn sách dành cho những ai quan tâm đến nghệ thuật kiến trúc và thiết kế nội thất, đặc biệt là trong lĩnh vực y tế. Cuốn sách này giới thiệu cho chúng ta những mẫu thiết kế phòng khám mới nhất và đẹp nhất trên thế giới, từ các phòng khám đa khoa, nha khoa, thẩm mỹ, đến các phòng khám chuyên khoa như mắt, tai mũi họng, da liễ Mỗi mẫu thiết kế được trình bày rõ ràng và chi tiết về không gian, màu sắc, ánh sáng, đồ nội thất và trang trí. Cuốn sách cũng phân tích về cách thức các yếu tố này ảnh hưởng đến sự thoải mái, an toàn và hiệu quả của cả bệnh nhân và nhân viên y tế. Giá sản phẩm trên Tiki đã bao gồm thuế theo luật hiện hành. Bên cạnh đó, tuỳ vào loại sản phẩm, hình thức và địa chỉ giao hàng mà có thể phát sinh thêm chi phí khác như phí vận chuyển, phụ phí hàng cồng kềnh, thuế nhập khẩu (đối với đơn hàng giao từ nước ngoài có giá trị trên 1 triệu đồng).....",0,0,https://salt.tikicdn.com/ts/product/7b/37/78/18782f4c8f22bff3135d54145e7d1475.png,https://salt.tikicdn.com/cache/w1200/ts/product/7b/37/78/18782f4c8f22bff3135d54145e7d1475.png,https://salt.tikicdn.com/cache/w300/ts/product/7b/37/78/18782f4c8f22bff3135d54145e7d1475.png,https://salt.tikicdn.com/cache/200x280/ts/product/7b/37/78/18782f4c8f22bff3135d54145e7d1475.png,https://salt.tikicdn.com/cache/200x280/ts/product/7b/37/78/18782f4c8f22bff3135d54145e7d1475.png,1000,0
273638434,Artbook - Sách Tiếng Anh - Detail Plus - Interior + Architecture Vol. 4,1600000,"Detail Plus - Interior + Architecture Vol. 4 của nhà xuất bản Archiworld. Cuốn sách này là một tập hợp các dự án nội thất và kiến trúc độc đáo, sáng tạo và đẳng cấp từ khắp nơi trên thế giới. Bạn sẽ đ...","Detail Plus - Interior + Architecture Vol. 4 của nhà xuất bản Archiworld. Cuốn sách này là một tập hợp các dự án nội thất và kiến trúc độc đáo, sáng tạo và đẳng cấp từ khắp nơi trên thế giới. Bạn sẽ được chiêm ngưỡng những không gian sống ấn tượng, những công trình kiến trúc đặc sắc và những chi tiết thiết kế tinh tế trong cuốn sách này. Một số yếu tố hấp dẫn trong nội dung cuốn sách là: - Các dự án nội thất và kiến trúc được chọn lọc kỹ lưỡng, phản ánh xu hướng hiện đại và đa dạng về phong cách, chức năng và vật liệu. - Các hình ảnh chất lượng cao, rõ nét và sinh động, cho bạn cảm giác như đang trực tiếp tham quan những không gian đó. - Các bản vẽ kỹ thuật, sơ đồ và mô hình 3D, giúp bạn hiểu rõ hơn về quy trình thiết kế và thi công của các dự án. - Các bài viết ngắn gọn và súc tích, giới thiệu về ý tưởng, ý nghĩa và thông tin cơ bản của các dự án. Giá sản phẩm trên Tiki đã bao gồm thuế theo luật hiện hành. Bên cạnh đó, tuỳ vào loại sản phẩm, hình thức và địa chỉ giao hàng mà có thể phát sinh thêm chi phí khác như phí vận chuyển, phụ phí hàng cồng kềnh, thuế nhập khẩu (đối với đơn hàng giao từ nước ngoài có giá trị trên 1 triệu đồng).....",0,0,https://salt.tikicdn.com/ts/product/ab/55/ba/a724e7116a003451daaee0a3b884e03a.png,https://salt.tikicdn.com/cache/w1200/ts/product/ab/55/ba/a724e7116a003451daaee0a3b884e03a.png,https://salt.tikicdn.com/cache/w300/ts/product/ab/55/ba/a724e7116a003451daaee0a3b884e03a.png,https://salt.tikicdn.com/cache/200x280/ts/product/ab/55/ba/a724e7116a003451daaee0a3b884e03a.png,https://salt.tikicdn.com/cache/200x280/ts/product/ab/55/ba/a724e7116a003451daaee0a3b884e03a.png,1000,0
273596906,Artbook - Sách Tiếng Anh - A+PLUS - Small Competition & Project. No 2,1460000,"A+PLUS - Small Competition & Project. No 2 của nhà xuất bản Archiworld Co,.Ltd. Đây là một cuốn sách dành cho những ai yêu thích kiến trúc và thiết kế, đặc biệt là những dự án nhỏ và cạnh tranh.T...","A+PLUS - Small Competition & Project. No 2 của nhà xuất bản Archiworld Co,.Ltd. Đây là một cuốn sách dành cho những ai yêu thích kiến trúc và thiết kế, đặc biệt là những dự án nhỏ và cạnh tranh. Trong cuốn sách này, bạn sẽ được chiêm ngưỡng và khám phá những công trình kiến trúc độc đáo và sáng tạo, được thiết kế bởi các kiến trúc sư hàng đầu thế giới. Bạn sẽ được thấy cách họ tận dụng không gian, ánh sáng, màu sắc, vật liệu và công nghệ để tạo ra những tác phẩm nghệ thuật kiến trúc. Bạn cũng sẽ được hiểu rõ hơn về ý tưởng, quá trình và kết quả của các dự án này, cũng như những thách thức và khó khăn mà các kiến trúc sư phải đối mặt. Giá sản phẩm trên Tiki đã bao gồm thuế theo luật hiện hành. Bên cạnh đó, tuỳ vào loại sản phẩm, hình thức và địa chỉ giao hàng mà có thể phát sinh thêm chi phí khác như phí vận chuyển, phụ phí hàng cồng kềnh, thuế nhập khẩu (đối với đơn hàng giao từ nước ngoài có giá trị trên 1 triệu đồng).....",0,0,https://salt.tikicdn.com/ts/product/09/1a/d5/c03448e4bf8c6a75f4eed3bf85c2078c.jpg,https://salt.tikicdn.com/cache/w1200/ts/product/09/1a/d5/c03448e4bf8c6a75f4eed3bf85c2078c.jpg,https://salt.tikicdn.com/cache/w300/ts/product/09/1a/d5/c03448e4bf8c6a75f4eed3bf85c2078c.jpg,https://salt.tikicdn.com/cache/200x280/ts/product/09/1a/d5/c03448e4bf8c6a75f4eed3bf85c2078c.jpg,https://salt.tikicdn.com/cache/200x280/ts/product/09/1a/d5/c03448e4bf8c6a75f4eed3bf85c2078c.jpg,1000,0
273596505,Artbook - Sách Tiếng Anh - Andrew Martin Interior Design Review Vol.25,1730000,"Interior Design Review của Andrew Martin, đây là một cuốn sách tuyệt vời cho những ai yêu thích thiết kế nội thất và muốn khám phá những công trình ấn tượng của các nhà thiết kế hàng đầu thế giới.Tro...","Interior Design Review của Andrew Martin, đây là một cuốn sách tuyệt vời cho những ai yêu thích thiết kế nội thất và muốn khám phá những công trình ấn tượng của các nhà thiết kế hàng đầu thế giới. Trong cuốn sách này, bạn sẽ được chiêm ngưỡng những không gian sống đẹp mắt, sang trọng và độc đáo, từ những căn hộ hiện đại ở thành phố cho đến những ngôi nhà cổ điển ở nông thôn. Bạn sẽ được thấy sự sáng tạo và tài năng của các nhà thiết kế trong việc kết hợp các phong cách, màu sắc, vật liệu và đồ nội thất khác nhau để tạo ra những không gian mang đậm cá tính và phong cách riêng. Bạn cũng sẽ được nghe những câu chuyện thú vị về quá trình thiết kế và ý tưởng của các nhà thiết kế, cũng như những thông điệp mà họ muốn truyền tải qua các công trình của mình. Giá sản phẩm trên Tiki đã bao gồm thuế theo luật hiện hành. Bên cạnh đó, tuỳ vào loại sản phẩm, hình thức và địa chỉ giao hàng mà có thể phát sinh thêm chi phí khác như phí vận chuyển, phụ phí hàng cồng kềnh, thuế nhập khẩu (đối với đơn hàng giao từ nước ngoài có giá trị trên 1 triệu đồng).....",5,1,"https://salt.tikicdn.com/ts/product/a4/94/38/6c37dd01b874a375ca7203a4cc0d0d32.jpg, https://salt.tikicdn.com/ts/product/b8/56/a9/28da73d8e0cd67eeb9fe0ec7be9f5be3.jpg","https://salt.tikicdn.com/cache/w1200/ts/product/a4/94/38/6c37dd01b874a375ca7203a4cc0d0d32.jpg, https://salt.tikicdn.com/cache/w1200/ts/product/b8/56/a9/28da73d8e0cd67eeb9fe0ec7be9f5be3.jpg","https://salt.tikicdn.com/cache/w300/ts/product/a4/94/38/6c37dd01b874a375ca7203a4cc0d0d32.jpg, https://salt.tikicdn.com/cache/w300/ts/product/b8/56/a9/28da73d8e0cd67eeb9fe0ec7be9f5be3.jpg","https://salt.tikicdn.com/cache/200x280/ts/product/a4/94/38/6c37dd01b874a375ca7203a4cc0d0d32.jpg, https://salt.tikicdn.com/cache/200x280/ts/product/b8/56/a9/28da73d8e0cd67eeb9fe0ec7be9f5be3.jpg","https://salt.tikicdn.com/cache/200x280/ts/product/a4/94/38/6c37dd01b874a375ca7203a4cc0d0d32.jpg, https://salt.tikicdn.com/cache/200x280/ts/product/b8/56/a9/28da73d8e0cd67eeb9fe0ec7be9f5be3.jpg",1000,1
273310501,Extreme Economies,319000,"Extreme Economies: Survival, Failure, Future - Lessons from the World's Limits *Winner of the Enlightened Economist Prize 2019**Winner of Debut Writer of the Year at the Edward Stanford Travel Writ...","Extreme Economies: Survival, Failure, Future - Lessons from the World's Limits *Winner of the Enlightened Economist Prize 2019* *Winner of Debut Writer of the Year at the Edward Stanford Travel Writing Awards 2020* *Longlisted for the Financial Times & McKinsey Business Book of the Year Award 2019* 'Extreme Economies is a revelation - and a must-read.' - Andy Haldane, Chief Economist at the Bank of England To understand how humans react and adapt to economic change we need to study people who live in harsh environments. From death-row prisoners trading in institutions where money is banned to flourishing entrepreneurs in the world's largest refugee camp, from the unrealised potential of cities like Kinshasa to the hyper-modern economy of Estonia, every life in this book has been hit by a seismic shock, violently broken or changed in some way. In his quest for a purer view of how economies succeed and fail, Richard Davies takes the reader off the beaten path to places where part of the economy has been repressed, removed, destroyed or turbocharged. He tells the personal stories of humans living in these extreme situations, and of the financial infrastructure they create. Far from the familiar stock reports, housing crises, or banking scandals of the financial pages, Extreme Economies reveals the importance of human and social capital, and in so doing tells small stories that shed light on today's biggest economic questions. 'A highly original approach to understanding what really makes economies tick.' - Mervyn King, former Governor of the Bank of England Giá sản phẩm trên Tiki đã bao gồm thuế theo luật hiện hành. Bên cạnh đó, tuỳ vào loại sản phẩm, hình thức và địa chỉ giao hàng mà có thể phát sinh thêm chi phí khác như phí vận chuyển, phụ phí hàng cồng kềnh, thuế nhập khẩu (đối với đơn hàng giao từ nước ngoài có giá trị trên 1 triệu đồng).....",0,0,https://salt.tikicdn.com/ts/product/66/22/b8/2447a0306d54e0ce6e95f060af6b9630.jpg,https://salt.tikicdn.com/cache/w1200/ts/product/66/22/b8/2447a0306d54e0ce6e95f060af6b9630.jpg,https://salt.tikicdn.com/cache/w300/ts/product/66/22/b8/2447a0306d54e0ce6e95f060af6b9630.jpg,https://salt.tikicdn.com/cache/200x280/ts/product/66/22/b8/2447a0306d54e0ce6e95f060af6b9630.jpg,https://salt.tikicdn.com/cache/200x280/ts/product/66/22/b8/2447a0306d54e0ce6e95f060af6b9630.jpg,1000,0
217317988,Cockroaches,239000,"When the Norwegian ambassador to Thailand is found dead in a Bangkok brothel, Inspector Harry Hole is dispatched from Oslo to help hush up the case. But once he arrives Harry discovers that this case ...","When the Norwegian ambassador to Thailand is found dead in a Bangkok brothel, Inspector Harry Hole is dispatched from Oslo to help hush up the case. But once he arrives Harry discovers that this case is about much more than one random murder. There is something else, something more pervasive, scrabbling around behind the scenes. Or, put another way, for every cockroach you see in your hotel room, there are hundreds behind the walls. Surrounded by round-the-clock traffic noise, Harry wanders the streets of Bangkok lined with go-go bars, temples, opium dens, and tourist traps, trying to piece together the story of the ambassador’s death even though no one asked him to, and no one wants him to—not even Harry himself. Giá sản phẩm trên Tiki đã bao gồm thuế theo luật hiện hành. Bên cạnh đó, tuỳ vào loại sản phẩm, hình thức và địa chỉ giao hàng mà có thể phát sinh thêm chi phí khác như phí vận chuyển, phụ phí hàng cồng kềnh, thuế nhập khẩu (đối với đơn hàng giao từ nước ngoài có giá trị trên 1 triệu đồng).....",0,0,https://salt.tikicdn.com/ts/product/90/01/25/8050cc2448725593f1ee82576a99fd2b.jpg,https://salt.tikicdn.com/cache/w1200/ts/product/90/01/25/8050cc2448725593f1ee82576a99fd2b.jpg,https://salt.tikicdn.com/cache/w300/ts/product/90/01/25/8050cc2448725593f1ee82576a99fd2b.jpg,https://salt.tikicdn.com/cache/200x280/ts/product/90/01/25/8050cc2448725593f1ee82576a99fd2b.jpg,https://salt.tikicdn.com/cache/200x280/ts/product/90/01/25/8050cc2448725593f1ee82576a99fd2b.jpg,1000,0
209399948,Sign of Office : Global Collection of the Most Stylish Office Signage Design,200000,"Một hệ thống bảng hiệu thành công trong văn phòng có thể nâng cao hiệu quả công việc một cách hiệu quả. Ví dụ, biển báo chỗ ngồi của nhân viên có thể hữu ích trong việc sắp xếp cuộc họp và làm việc nh...","Một hệ thống bảng hiệu thành công trong văn phòng có thể nâng cao hiệu quả công việc một cách hiệu quả. Ví dụ, biển báo chỗ ngồi của nhân viên có thể hữu ích trong việc sắp xếp cuộc họp và làm việc nhóm, đồng thời giúp nhân viên hoặc khách tìm thấy ai đó một cách nhanh chóng. A successful sign system in offices can effectively improve work efficiency. For example, staff seating signs can be helpful in group work and meeting arrangements, and for employees or visitors to find someone quickly. Giá sản phẩm trên Tiki đã bao gồm thuế theo luật hiện hành. Bên cạnh đó, tuỳ vào loại sản phẩm, hình thức và địa chỉ giao hàng mà có thể phát sinh thêm chi phí khác như phí vận chuyển, phụ phí hàng cồng kềnh, thuế nhập khẩu (đối với đơn hàng giao từ nước ngoài có giá trị trên 1 triệu đồng).....",0,0,https://salt.tikicdn.com/ts/product/a3/6f/55/58955985c22b72ea723b3f268d79a965.jpg,https://salt.tikicdn.com/cache/w1200/ts/product/a3/6f/55/58955985c22b72ea723b3f268d79a965.jpg,https://salt.tikicdn.com/cache/w300/ts/product/a3/6f/55/58955985c22b72ea723b3f268d79a965.jpg,https://salt.tikicdn.com/cache/200x280/ts/product/a3/6f/55/58955985c22b72ea723b3f268d79a965.jpg,https://salt.tikicdn.com/cache/200x280/ts/product/a3/6f/55/58955985c22b72ea723b3f268d79a965.jpg,1000,0
193419134,Artbook - Sách Tiếng Anh - Case Study Houses,780000,"Chương trình Case Study House (1945-1966) là một sự kiện đặc biệt, sáng tạo trong lịch sử kiến ​​trúc Hoa Kỳ và vẫn là duy nhất cho đến ngày nay. Chương trình, tập trung vào khu vực Los Angeles và giá...","Chương trình Case Study House (1945-1966) là một sự kiện đặc biệt, sáng tạo trong lịch sử kiến ​​trúc Hoa Kỳ và vẫn là duy nhất cho đến ngày nay. Chương trình, tập trung vào khu vực Los Angeles và giám sát thiết kế của 36 ngôi nhà nguyên mẫu, đã tìm cách đưa ra các kế hoạch sẵn có cho các khu nhà ở hiện đại có thể được xây dựng dễ dàng và rẻ trong thời kỳ bùng nổ xây dựng sau chiến tranh. The Case Study House program (1945-1966) was an exceptional, innovative event in the history of American architecture and remains to this day unique. The program, which concentrated on the Los Angeles area and oversaw the design of 36 prototype homes, sought to make available plans for modern residences that could be easily and cheaply constructed during the postwar building boom. The program's chief motivating force was Arts & Architecture editor John Entenza, a champion of modernism who had all the right connections to attract some of architecture's greatest talents, such as Richard Neutra, Charles and Ray Eames, and Eero Saarinen. Highly experimental, the program generated houses that were designed to redefine the modern home, and had a pronounced influence on architecture-American and international-both during the program's existence and even to this day. TASCHEN brings you a retrospective of the entire program with comprehensive documentation, brilliant photographs from the period and, for the houses still in existence, contemporary photos, as well as extensive floor plans and sketches. About the series TASCHEN is 40! Since we started our work as cultural archaeologists in 1980, TASCHEN has become synonymous with accessible publishing, helping bookworms around the world curate their own library of art, anthropology, and aphrodisia at an unbeatable price. Today we celebrate 40 years of incredible books by staying true to our company credo. The 40 series presents new editions of some of the stars of our program-now more compact, friendly in price, and still realized with the same commitment to impeccable production. Giá sản phẩm trên Tiki đã bao gồm thuế theo luật hiện hành. Bên cạnh đó, tuỳ vào loại sản phẩm, hình thức và địa chỉ giao hàng mà có thể phát sinh thêm chi phí khác như phí vận chuyển, phụ phí hàng cồng kềnh, thuế nhập khẩu (đối với đơn hàng giao từ nước ngoài có giá trị trên 1 triệu đồng).....",0,0,"https://salt.tikicdn.com/ts/product/e5/93/62/df3fcc24e9ed0a6139477cb6bc7cf496.png, https://salt.tikicdn.com/ts/product/89/25/fd/51e6fa46401a7e7a65b0c4806e971acf.jpg, https://salt.tikicdn.com/ts/product/9d/4e/45/640f6efe0e4f2cc2a05cedb7758e8399.jpg, https://salt.tikicdn.com/ts/product/c2/d7/fa/495132630a2e7d62ff79caa8cefb00c7.jpg, https://salt.tikicdn.com/ts/product/09/4b/b2/f3d7fdfc63c81f34dbd10add9588cf95.jpg, https://salt.tikicdn.com/ts/product/80/e4/b7/945d27b3878e83ada24c31e9905bbb7a.jpg, https://salt.tikicdn.com/ts/product/4f/f7/fa/7ef7470f564334a725d484255e043467.jpg, https://salt.tikicdn.com/ts/product/75/6d/f4/35a9e21324ceed31cd97c035eeb43c3f.jpg, https://salt.tikicdn.com/ts/product/90/bc/b5/381171b948519f86afbbc080fe0df815.jpg","https://salt.tikicdn.com/cache/w1200/ts/product/e5/93/62/df3fcc24e9ed0a6139477cb6bc7cf496.png, https://salt.tikicdn.com/cache/w1200/ts/product/89/25/fd/51e6fa46401a7e7a65b0c4806e971acf.jpg, https://salt.tikicdn.com/cache/w1200/ts/product/9d/4e/45/640f6efe0e4f2cc2a05cedb7758e8399.jpg, https://salt.tikicdn.com/cache/w1200/ts/product/c2/d7/fa/495132630a2e7d62ff79caa8cefb00c7.jpg, https://salt.tikicdn.com/cache/w1200/ts/product/09/4b/b2/f3d7fdfc63c81f34dbd10add9588cf95.jpg, https://salt.tikicdn.com/cache/w1200/ts/product/80/e4/b7/945d27b3878e83ada24c31e9905bbb7a.jpg, https://salt.tikicdn.com/cache/w1200/ts/product/4f/f7/fa/7ef7470f564334a725d484255e043467.jpg, https://salt.tikicdn.com/cache/w1200/ts/product/75/6d/f4/35a9e21324ceed31cd97c035eeb43c3f.jpg, https://salt.tikicdn.com/cache/w1200/ts/product/90/bc/b5/381171b948519f86afbbc080fe0df815.jpg","https://salt.tikicdn.com/cache/w300/ts/product/e5/93/62/df3fcc24e9ed0a6139477cb6bc7cf496.png, https://salt.tikicdn.com/cache/w300/ts/product/89/25/fd/51e6fa46401a7e7a65b0c4806e971acf.jpg, https://salt.tikicdn.com/cache/w300/ts/product/9d/4e/45/640f6efe0e4f2cc2a05cedb7758e8399.jpg, https://salt.tikicdn.com/cache/w300/ts/product/c2/d7/fa/495132630a2e7d62ff79caa8cefb00c7.jpg, https://salt.tikicdn.com/cache/w300/ts/product/09/4b/b2/f3d7fdfc63c81f34dbd10add9588cf95.jpg, https://salt.tikicdn.com/cache/w300/ts/product/80/e4/b7/945d27b3878e83ada24c31e9905bbb7a.jpg, https://salt.tikicdn.com/cache/w300/ts/product/4f/f7/fa/7ef7470f564334a725d484255e043467.jpg, https://salt.tikicdn.com/cache/w300/ts/product/75/6d/f4/35a9e21324ceed31cd97c035eeb43c3f.jpg, https://salt.tikicdn.com/cache/w300/ts/product/90/bc/b5/381171b948519f86afbbc080fe0df815.jpg","https://salt.tikicdn.com/cache/200x280/ts/product/e5/93/62/df3fcc24e9ed0a6139477cb6bc7cf496.png, https://salt.tikicdn.com/cache/200x280/ts/product/89/25/fd/51e6fa46401a7e7a65b0c4806e971acf.jpg, https://salt.tikicdn.com/cache/200x280/ts/product/9d/4e/45/640f6efe0e4f2cc2a05cedb7758e8399.jpg, https://salt.tikicdn.com/cache/200x280/ts/product/c2/d7/fa/495132630a2e7d62ff79caa8cefb00c7.jpg, https://salt.tikicdn.com/cache/200x280/ts/product/09/4b/b2/f3d7fdfc63c81f34dbd10add9588cf95.jpg, https://salt.tikicdn.com/cache/200x280/ts/product/80/e4/b7/945d27b3878e83ada24c31e9905bbb7a.jpg, https://salt.tikicdn.com/cache/200x280/ts/product/4f/f7/fa/7ef7470f564334a725d484255e043467.jpg, https://salt.tikicdn.com/cache/200x280/ts/product/75/6d/f4/35a9e21324ceed31cd97c035eeb43c3f.jpg, https://salt.tikicdn.com/cache/200x280/ts/product/90/bc/b5/381171b948519f86afbbc080fe0df815.jpg","https://salt.tikicdn.com/cache/200x280/ts/product/e5/93/62/df3fcc24e9ed0a6139477cb6bc7cf496.png, https://salt.tikicdn.com/cache/200x280/ts/product/89/25/fd/51e6fa46401a7e7a65b0c4806e971acf.jpg, https://salt.tikicdn.com/cache/200x280/ts/product/9d/4e/45/640f6efe0e4f2cc2a05cedb7758e8399.jpg, https://salt.tikicdn.com/cache/200x280/ts/product/c2/d7/fa/495132630a2e7d62ff79caa8cefb00c7.jpg, https://salt.tikicdn.com/cache/200x280/ts/product/09/4b/b2/f3d7fdfc63c81f34dbd10add9588cf95.jpg, https://salt.tikicdn.com/cache/200x280/ts/product/80/e4/b7/945d27b3878e83ada24c31e9905bbb7a.jpg, https://salt.tikicdn.com/cache/200x280/ts/product/4f/f7/fa/7ef7470f564334a725d484255e043467.jpg, https://salt.tikicdn.com/cache/200x280/ts/product/75/6d/f4/35a9e21324ceed31cd97c035eeb43c3f.jpg, https://salt.tikicdn.com/cache/200x280/ts/product/90/bc/b5/381171b948519f86afbbc080fe0df815.jpg",1000,0
193334799,Contemporary Thai,200000,"With over 150 photographs and insightful text, this Thai design book showcases some of the best interiors in the country.Known for its beautiful traditional and contemporary handicrafts, it's no wonde...","With over 150 photographs and insightful text, this Thai design book showcases some of the best interiors in the country. Known for its beautiful traditional and contemporary handicrafts, it's no wonder that Thailand is home to some of the most beautifully decorated houses in the world. Elegant, innovative and versatile, Contemporary Thai is overflowing with an amazing array of design ideas. From modernist furniture, table settings, light fixtures and furnishings combining old traditions with new styles, Contemporary Thai is the perfect book for anyone looking to add a distinctive touch to their home decor. Giá sản phẩm trên Tiki đã bao gồm thuế theo luật hiện hành. Bên cạnh đó, tuỳ vào loại sản phẩm, hình thức và địa chỉ giao hàng mà có thể phát sinh thêm chi phí khác như phí vận chuyển, phụ phí hàng cồng kềnh, thuế nhập khẩu (đối với đơn hàng giao từ nước ngoài có giá trị trên 1 triệu đồng).....",0,0,https://salt.tikicdn.com/ts/product/e9/8b/a3/e82205a4242bac5cddeeba71142a32e2.jpg,https://salt.tikicdn.com/cache/w1200/ts/product/e9/8b/a3/e82205a4242bac5cddeeba71142a32e2.jpg,https://salt.tikicdn.com/cache/w300/ts/product/e9/8b/a3/e82205a4242bac5cddeeba71142a32e2.jpg,https://salt.tikicdn.com/cache/200x280/ts/product/e9/8b/a3/e82205a4242bac5cddeeba71142a32e2.jpg,https://salt.tikicdn.com/cache/200x280/ts/product/e9/8b/a3/e82205a4242bac5cddeeba71142a32e2.jpg,1000,0
138219934,David Black: Urban Sculpture as Proto-Architecture,620000,"Tác phẩm điêu khắc của Black biến không gian công cộng thờ ơ này thành một nơi cá nhân đặc biệt: một nơi công cộng với không gian riêng tư. Tác phẩm của David Black luôn có một phẩm chất tinh thần, và...","Tác phẩm điêu khắc của Black biến không gian công cộng thờ ơ này thành một nơi cá nhân đặc biệt: một nơi công cộng với không gian riêng tư. Tác phẩm của David Black luôn có một phẩm chất tinh thần, và một phẩm chất mà tôi muốn mô tả là siêu việt nhất. ""David Black is clearly on a roll, as these climactic sculptures suggest. They are remarkable for their sense of elation-a novelty in public space-and dynamics, which makes them and exciting environment unto themselves, even as they anchor the environment they inhabit, humanizing it in the  describes his scuptures as 'pavilions,' proto-architecture,' creating 'a strong, new core for an area,' be it a park or a plaza, any open 'extra' anonymous space, 'a space left over.' Black's sculptue transforms this indifferent public space into a peculiarly personal place: a public place with a private dimension.""-Dr. Donald Kuspit, art critic, author, editor, professor of art history and philosophy, SUNY, Stony Brook. ""David Black's work always had a spiritual quality, and one that I'd best describe as abidingly transcendent. His sculpture is transcendent in the same way that good music can be transcendent, not in the religious sense of being parochial.""-Robert A. Malone, writer, former dean, The Pratt Institute Giá sản phẩm trên Tiki đã bao gồm thuế theo luật hiện hành. Bên cạnh đó, tuỳ vào loại sản phẩm, hình thức và địa chỉ giao hàng mà có thể phát sinh thêm chi phí khác như phí vận chuyển, phụ phí hàng cồng kềnh, thuế nhập khẩu (đối với đơn hàng giao từ nước ngoài có giá trị trên 1 triệu đồng).....",0,0,https://salt.tikicdn.com/ts/product/05/02/33/a993ada8718efb371a8f9d5d515326df.jpg,https://salt.tikicdn.com/cache/w1200/ts/product/05/02/33/a993ada8718efb371a8f9d5d515326df.jpg,https://salt.tikicdn.com/cache/w300/ts/product/05/02/33/a993ada8718efb371a8f9d5d515326df.jpg,https://salt.tikicdn.com/cache/200x280/ts/product/05/02/33/a993ada8718efb371a8f9d5d515326df.jpg,https://salt.tikicdn.com/cache/200x280/ts/product/05/02/33/a993ada8718efb371a8f9d5d515326df.jpg,1000,0
138149636,Harry Seidler,1710000,Harry Seidler: Bức tranh hướng tới kiến ​​trúc. Nó xem xét ranh giới mờ nhạt giữa nghệ thuật và kiến ​​trúc và cách các bộ môn này truyền cảm hứng cho nhau bằng cách tập trung vào công việc của nhà hi...,"Harry Seidler: Bức tranh hướng tới kiến ​​trúc. Nó xem xét ranh giới mờ nhạt giữa nghệ thuật và kiến ​​trúc và cách các bộ môn này truyền cảm hứng cho nhau bằng cách tập trung vào công việc của nhà hiện đại người Úc sinh ra tại Vienna. Harry Seidler và sự hợp tác sáng tạo của ông với hàng chục kiến ​​trúc sư và nghệ sĩ nổi tiếng thế giới. Vladimir Belogolovsky’s Harry Seidler: The Exhibition leaves no stone unturned in documenting his ongoing, four years in the making to date, world tour exhibition, Harry Seidler: Painting Toward Architecture. It examines the blurry boundaries between art and architecture and how these disciplines inspire one another by bringing to focus the work of Vienna-born Australian modernist Harry Seidler and his creative collaborations with a dozen of world-renowned architects and artists. Curator of 20 Seidler exhibitions and author of Harry Seidler: Lifework (Rizzoli, 2014), Belogolovsky provides detailed insights into the project from beginning to end: pitching initial exhibition idea to the client, developing its concept, arranging the tour, preparing the content, designing individual exhibitions, managing installations, presenting the lecture, initiating new collaborations and projects. The book’s focus on a single touring exhibition is unprecedented; it explores what typical exhibition catalogues miss entirely – spatial engagement with the content by the public. In its attempt to present various aspects of a single exhibition the book raises fundamental curatorial issues beyond the project in question. Giá sản phẩm trên Tiki đã bao gồm thuế theo luật hiện hành. Bên cạnh đó, tuỳ vào loại sản phẩm, hình thức và địa chỉ giao hàng mà có thể phát sinh thêm chi phí khác như phí vận chuyển, phụ phí hàng cồng kềnh, thuế nhập khẩu (đối với đơn hàng giao từ nước ngoài có giá trị trên 1 triệu đồng).....",0,0,"https://salt.tikicdn.com/ts/product/a1/4e/bd/ea79abc76b6e4369fc6b97b0bbcb5a03.jpg, https://salt.tikicdn.com/ts/product/5c/2b/24/a1d2b97a348e9afaaedad81c1a06e84a.jpg, https://salt.tikicdn.com/ts/product/18/4c/08/6a773cb6a10366c7e12c5d633b894b8d.jpg, https://salt.tikicdn.com/ts/product/42/63/0e/05928bb34e2c022cd4e01c23cf959d58.jpg, https://salt.tikicdn.com/ts/product/3d/d6/06/09028de580f4265d7814c71897dfa2c2.jpg, https://salt.tikicdn.com/ts/product/31/cf/fc/2aab6d273a4d12eb7197156f81b7cd4d.jpg, https://salt.tikicdn.com/ts/product/b8/f3/0b/08b9dc9ea039b29eb03b5993a3eaa68c.jpg","https://salt.tikicdn.com/cache/w1200/ts/product/a1/4e/bd/ea79abc76b6e4369fc6b97b0bbcb5a03.jpg, https://salt.tikicdn.com/cache/w1200/ts/product/5c/2b/24/a1d2b97a348e9afaaedad81c1a06e84a.jpg, https://salt.tikicdn.com/cache/w1200/ts/product/18/4c/08/6a773cb6a10366c7e12c5d633b894b8d.jpg, https://salt.tikicdn.com/cache/w1200/ts/product/42/63/0e/05928bb34e2c022cd4e01c23cf959d58.jpg, https://salt.tikicdn.com/cache/w1200/ts/product/3d/d6/06/09028de580f4265d7814c71897dfa2c2.jpg, https://salt.tikicdn.com/cache/w1200/ts/product/31/cf/fc/2aab6d273a4d12eb7197156f81b7cd4d.jpg, https://salt.tikicdn.com/cache/w1200/ts/product/b8/f3/0b/08b9dc9ea039b29eb03b5993a3eaa68c.jpg","https://salt.tikicdn.com/cache/w300/ts/product/a1/4e/bd/ea79abc76b6e4369fc6b97b0bbcb5a03.jpg, https://salt.tikicdn.com/cache/w300/ts/product/5c/2b/24/a1d2b97a348e9afaaedad81c1a06e84a.jpg, https://salt.tikicdn.com/cache/w300/ts/product/18/4c/08/6a773cb6a10366c7e12c5d633b894b8d.jpg, https://salt.tikicdn.com/cache/w300/ts/product/42/63/0e/05928bb34e2c022cd4e01c23cf959d58.jpg, https://salt.tikicdn.com/cache/w300/ts/product/3d/d6/06/09028de580f4265d7814c71897dfa2c2.jpg, https://salt.tikicdn.com/cache/w300/ts/product/31/cf/fc/2aab6d273a4d12eb7197156f81b7cd4d.jpg, https://salt.tikicdn.com/cache/w300/ts/product/b8/f3/0b/08b9dc9ea039b29eb03b5993a3eaa68c.jpg","https://salt.tikicdn.com/cache/200x280/ts/product/a1/4e/bd/ea79abc76b6e4369fc6b97b0bbcb5a03.jpg, https://salt.tikicdn.com/cache/200x280/ts/product/5c/2b/24/a1d2b97a348e9afaaedad81c1a06e84a.jpg, https://salt.tikicdn.com/cache/200x280/ts/product/18/4c/08/6a773cb6a10366c7e12c5d633b894b8d.jpg, https://salt.tikicdn.com/cache/200x280/ts/product/42/63/0e/05928bb34e2c022cd4e01c23cf959d58.jpg, https://salt.tikicdn.com/cache/200x280/ts/product/3d/d6/06/09028de580f4265d7814c71897dfa2c2.jpg, https://salt.tikicdn.com/cache/200x280/ts/product/31/cf/fc/2aab6d273a4d12eb7197156f81b7cd4d.jpg, https://salt.tikicdn.com/cache/200x280/ts/product/b8/f3/0b/08b9dc9ea039b29eb03b5993a3eaa68c.jpg","https://salt.tikicdn.com/cache/200x280/ts/product/a1/4e/bd/ea79abc76b6e4369fc6b97b0bbcb5a03.jpg, https://salt.tikicdn.com/cache/200x280/ts/product/5c/2b/24/a1d2b97a348e9afaaedad81c1a06e84a.jpg, https://salt.tikicdn.com/cache/200x280/ts/product/18/4c/08/6a773cb6a10366c7e12c5d633b894b8d.jpg, https://salt.tikicdn.com/cache/200x280/ts/product/42/63/0e/05928bb34e2c022cd4e01c23cf959d58.jpg, https://salt.tikicdn.com/cache/200x280/ts/product/3d/d6/06/09028de580f4265d7814c71897dfa2c2.jpg, https://salt.tikicdn.com/cache/200x280/ts/product/31/cf/fc/2aab6d273a4d12eb7197156f81b7cd4d.jpg, https://salt.tikicdn.com/cache/200x280/ts/product/b8/f3/0b/08b9dc9ea039b29eb03b5993a3eaa68c.jpg",1000,0
137854853,High On … Modern Villas,1260000,"Ba mươi sáu kiến trúc sư đến từ Châu Âu và Hoa Kỳ trình bày những dự án mới nhất của họ về biệt thự sang trọng - từ biệt thự trong thành phố đến biệt thự ven hồ, ven biển hoặc trên núi. Cuốn sách có h...","Ba mươi sáu kiến trúc sư đến từ Châu Âu và Hoa Kỳ trình bày những dự án mới nhất của họ về biệt thự sang trọng - từ biệt thự trong thành phố đến biệt thự ven hồ, ven biển hoặc trên núi. Cuốn sách có hơn 100 ngôi nhà độc đáo và tuyệt đẹp. Thirty-six architects from Europe and the USA present their very latest projects for luxury villas - from a villa in the city to a lakeside location and those on the coast or in the mountains. The book features over 100 unique and stunning houses. Giá sản phẩm trên Tiki đã bao gồm thuế theo luật hiện hành. Bên cạnh đó, tuỳ vào loại sản phẩm, hình thức và địa chỉ giao hàng mà có thể phát sinh thêm chi phí khác như phí vận chuyển, phụ phí hàng cồng kềnh, thuế nhập khẩu (đối với đơn hàng giao từ nước ngoài có giá trị trên 1 triệu đồng).....",0,0,https://salt.tikicdn.com/ts/product/b0/40/22/67dcd5a39403a19fda682e4a5ce8a98d.jpg,https://salt.tikicdn.com/cache/w1200/ts/product/b0/40/22/67dcd5a39403a19fda682e4a5ce8a98d.jpg,https://salt.tikicdn.com/cache/w300/ts/product/b0/40/22/67dcd5a39403a19fda682e4a5ce8a98d.jpg,https://salt.tikicdn.com/cache/200x280/ts/product/b0/40/22/67dcd5a39403a19fda682e4a5ce8a98d.jpg,https://salt.tikicdn.com/cache/200x280/ts/product/b0/40/22/67dcd5a39403a19fda682e4a5ce8a98d.jpg,1000,0
97845223,Building Saigon South: Sustainable Lessons for a Livable Future,350000,"Author: John KrikenFormat:  Hardback | 168 pagesDimensions: 216 x 267 x 22.86mm | 1,179.34gPublication date:  01 Aug 2017In the Saigon South district of Vietnam s Ho Chi Minh City, globally renown...","Author: John Kriken Format: Hardback | 168 pages Dimensions: 216 x 267 x 22.86mm | 1,179.34g Publication date: 01 Aug 2017 In the Saigon South district of Vietnam s Ho Chi Minh City, globally renowned architecture firm Skidmore Owings & Merrill designed a livable, human-scale urban environment in partnership with the Phu My Hung development group. SOM created the master plan that still guides growth and change in this part of the city, which has been accepted as an example of sustainable development to be imitated across Asia and throughout the rest of the world. Saigon South s neighborhoods accommodate residents of varying income levels and provide green public space for all. Verdant parks are placed alongside the area s natural water features. The master plan s emphasis on multi-use design allows for traditional shophouses as well as larger businesses, integrating all parts of life into a pedestrian-friendly district. Saigon South is an economically and civically vibrant district that showcases the city s cultural richness rather than the egos of the architects and developers. Giá sản phẩm trên Tiki đã bao gồm thuế theo luật hiện hành. Bên cạnh đó, tuỳ vào loại sản phẩm, hình thức và địa chỉ giao hàng mà có thể phát sinh thêm chi phí khác như phí vận chuyển, phụ phí hàng cồng kềnh, thuế nhập khẩu (đối với đơn hàng giao từ nước ngoài có giá trị trên 1 triệu đồng).....",0,0,https://salt.tikicdn.com/ts/product/6f/42/35/38d84a631741377fd816e72bf94e62f9.jpg,https://salt.tikicdn.com/cache/w1200/ts/product/6f/42/35/38d84a631741377fd816e72bf94e62f9.jpg,https://salt.tikicdn.com/cache/w300/ts/product/6f/42/35/38d84a631741377fd816e72bf94e62f9.jpg,https://salt.tikicdn.com/cache/200x280/ts/product/6f/42/35/38d84a631741377fd816e72bf94e62f9.jpg,https://salt.tikicdn.com/cache/200x280/ts/product/6f/42/35/38d84a631741377fd816e72bf94e62f9.jpg,1000,0
85095903,Sign of Street II : Global Collection of the Most Stylish Street Signage Design,670000,Streets are always filled with signs of various shop fronts. A good shop front sign involves no complex skills or techniques; a smart combination of simple words and images can create a classic sign....,"Streets are always filled with signs of various shop fronts. A good shop front sign involves no complex skills or techniques; a smart combination of simple words and images can create a classic sign. Giá sản phẩm trên Tiki đã bao gồm thuế theo luật hiện hành. Bên cạnh đó, tuỳ vào loại sản phẩm, hình thức và địa chỉ giao hàng mà có thể phát sinh thêm chi phí khác như phí vận chuyển, phụ phí hàng cồng kềnh, thuế nhập khẩu (đối với đơn hàng giao từ nước ngoài có giá trị trên 1 triệu đồng).....",0,0,https://salt.tikicdn.com/ts/product/09/42/fb/f72d5ca63ad999a753ba698daee64617.jpg,https://salt.tikicdn.com/cache/w1200/ts/product/09/42/fb/f72d5ca63ad999a753ba698daee64617.jpg,https://salt.tikicdn.com/cache/w300/ts/product/09/42/fb/f72d5ca63ad999a753ba698daee64617.jpg,https://salt.tikicdn.com/cache/200x280/ts/product/09/42/fb/f72d5ca63ad999a753ba698daee64617.jpg,https://salt.tikicdn.com/cache/200x280/ts/product/09/42/fb/f72d5ca63ad999a753ba698daee64617.jpg,1000,0
55286902,Notre-Dame: A Short History Of The Meaning Of Cathedrals,453100,"Notre-Dame: A Short History Of The Meaning Of Cathedrals   ‘Two days after Notre Dame burned, I flew to Paris to appear on the TV programme La Grande Librairie for a discussion about cathed...","Notre-Dame: A Short History Of The Meaning Of Cathedrals ‘Two days after Notre Dame burned, I flew to Paris to appear on the TV programme La Grande Librairie for a discussion about cathedrals. The following morning I had breakfast at the Hotel Bristol with my French publisher and she asked me to write a short book about Notre Dame and what it means to all of us. She said she would donate the publisher’s profits to the rebuilding fund and, if I wished, I could do the same with my royalties. Yes, I said; of course, I’d love to.’ Ken Follett In aid of the crucial restoration work to restore Paris’s great cathedral, Notre-Dame: A Short History of the Meaning of Cathedrals is a moving, short piece of non-fiction celebrating the stunning history of this beloved building, from Ken Follett, author of the multi-million copy selling Kingsbridge series. This edition contains an exclusive extract from The Evening and the Morning , a prequel to The Pillars of the Earth , publishing Autumn 2020. A minimum of 50p per copy on each sale of this book will go to the charity La Fondation du Patrimoine. Giá sản phẩm trên Tiki đã bao gồm thuế theo luật hiện hành. Bên cạnh đó, tuỳ vào loại sản phẩm, hình thức và địa chỉ giao hàng mà có thể phát sinh thêm chi phí khác như phí vận chuyển, phụ phí hàng cồng kềnh, thuế nhập khẩu (đối với đơn hàng giao từ nước ngoài có giá trị trên 1 triệu đồng).....",0,0,"https://salt.tikicdn.com/ts/product/07/e4/f8/32e7025469c651b06b500bcedc9d66ec.jpg, https://salt.tikicdn.com/ts/product/fb/e7/60/5b8e78ff95db8459b435674a5f845c2c.jpg, https://salt.tikicdn.com/ts/product/4a/f5/13/aec00f5a6e8b1138bd3447977e9fb828.jpg, https://salt.tikicdn.com/ts/product/a5/0e/c2/b3bebc150fe04e15a8741e762fb28f0c.jpg, https://salt.tikicdn.com/ts/product/de/2c/18/20819d8f31c518e9e7fb0a4cbd2eab89.jpg, https://salt.tikicdn.com/ts/product/9d/70/6c/277bf62c29ea67a1c00d39673f1b1e8c.jpg, https://salt.tikicdn.com/ts/product/de/b9/68/61826e2c7575e0346c2ff8c18e5e3450.jpg, https://salt.tikicdn.com/ts/product/d4/33/60/9e13e20a6ec4ba4f96d117d35a8dc960.jpg, https://salt.tikicdn.com/ts/product/19/49/c3/f730f8e5a87fa345271294e50bd5b9f3.jpg, https://salt.tikicdn.com/ts/product/4e/21/f5/c738b19b96fddc61a54521d4c4a19263.jpg","https://salt.tikicdn.com/cache/w1200/ts/product/07/e4/f8/32e7025469c651b06b500bcedc9d66ec.jpg, https://salt.tikicdn.com/cache/w1200/ts/product/fb/e7/60/5b8e78ff95db8459b435674a5f845c2c.jpg, https://salt.tikicdn.com/cache/w1200/ts/product/4a/f5/13/aec00f5a6e8b1138bd3447977e9fb828.jpg, https://salt.tikicdn.com/cache/w1200/ts/product/a5/0e/c2/b3bebc150fe04e15a8741e762fb28f0c.jpg, https://salt.tikicdn.com/cache/w1200/ts/product/de/2c/18/20819d8f31c518e9e7fb0a4cbd2eab89.jpg, https://salt.tikicdn.com/cache/w1200/ts/product/9d/70/6c/277bf62c29ea67a1c00d39673f1b1e8c.jpg, https://salt.tikicdn.com/cache/w1200/ts/product/de/b9/68/61826e2c7575e0346c2ff8c18e5e3450.jpg, https://salt.tikicdn.com/cache/w1200/ts/product/d4/33/60/9e13e20a6ec4ba4f96d117d35a8dc960.jpg, https://salt.tikicdn.com/cache/w1200/ts/product/19/49/c3/f730f8e5a87fa345271294e50bd5b9f3.jpg, https://salt.tikicdn.com/cache/w1200/ts/product/4e/21/f5/c738b19b96fddc61a54521d4c4a19263.jpg","https://salt.tikicdn.com/cache/w300/ts/product/07/e4/f8/32e7025469c651b06b500bcedc9d66ec.jpg, https://salt.tikicdn.com/cache/w300/ts/product/fb/e7/60/5b8e78ff95db8459b435674a5f845c2c.jpg, https://salt.tikicdn.com/cache/w300/ts/product/4a/f5/13/aec00f5a6e8b1138bd3447977e9fb828.jpg, https://salt.tikicdn.com/cache/w300/ts/product/a5/0e/c2/b3bebc150fe04e15a8741e762fb28f0c.jpg, https://salt.tikicdn.com/cache/w300/ts/product/de/2c/18/20819d8f31c518e9e7fb0a4cbd2eab89.jpg, https://salt.tikicdn.com/cache/w300/ts/product/9d/70/6c/277bf62c29ea67a1c00d39673f1b1e8c.jpg, https://salt.tikicdn.com/cache/w300/ts/product/de/b9/68/61826e2c7575e0346c2ff8c18e5e3450.jpg, https://salt.tikicdn.com/cache/w300/ts/product/d4/33/60/9e13e20a6ec4ba4f96d117d35a8dc960.jpg, https://salt.tikicdn.com/cache/w300/ts/product/19/49/c3/f730f8e5a87fa345271294e50bd5b9f3.jpg, https://salt.tikicdn.com/cache/w300/ts/product/4e/21/f5/c738b19b96fddc61a54521d4c4a19263.jpg","https://salt.tikicdn.com/cache/200x280/ts/product/07/e4/f8/32e7025469c651b06b500bcedc9d66ec.jpg, https://salt.tikicdn.com/cache/200x280/ts/product/fb/e7/60/5b8e78ff95db8459b435674a5f845c2c.jpg, https://salt.tikicdn.com/cache/200x280/ts/product/4a/f5/13/aec00f5a6e8b1138bd3447977e9fb828.jpg, https://salt.tikicdn.com/cache/200x280/ts/product/a5/0e/c2/b3bebc150fe04e15a8741e762fb28f0c.jpg, https://salt.tikicdn.com/cache/200x280/ts/product/de/2c/18/20819d8f31c518e9e7fb0a4cbd2eab89.jpg, https://salt.tikicdn.com/cache/200x280/ts/product/9d/70/6c/277bf62c29ea67a1c00d39673f1b1e8c.jpg, https://salt.tikicdn.com/cache/200x280/ts/product/de/b9/68/61826e2c7575e0346c2ff8c18e5e3450.jpg, https://salt.tikicdn.com/cache/200x280/ts/product/d4/33/60/9e13e20a6ec4ba4f96d117d35a8dc960.jpg, https://salt.tikicdn.com/cache/200x280/ts/product/19/49/c3/f730f8e5a87fa345271294e50bd5b9f3.jpg, https://salt.tikicdn.com/cache/200x280/ts/product/4e/21/f5/c738b19b96fddc61a54521d4c4a19263.jpg","https://salt.tikicdn.com/cache/200x280/ts/product/07/e4/f8/32e7025469c651b06b500bcedc9d66ec.jpg, https://salt.tikicdn.com/cache/200x280/ts/product/fb/e7/60/5b8e78ff95db8459b435674a5f845c2c.jpg, https://salt.tikicdn.com/cache/200x280/ts/product/4a/f5/13/aec00f5a6e8b1138bd3447977e9fb828.jpg, https://salt.tikicdn.com/cache/200x280/ts/product/a5/0e/c2/b3bebc150fe04e15a8741e762fb28f0c.jpg, https://salt.tikicdn.com/cache/200x280/ts/product/de/2c/18/20819d8f31c518e9e7fb0a4cbd2eab89.jpg, https://salt.tikicdn.com/cache/200x280/ts/product/9d/70/6c/277bf62c29ea67a1c00d39673f1b1e8c.jpg, https://salt.tikicdn.com/cache/200x280/ts/product/de/b9/68/61826e2c7575e0346c2ff8c18e5e3450.jpg, https://salt.tikicdn.com/cache/200x280/ts/product/d4/33/60/9e13e20a6ec4ba4f96d117d35a8dc960.jpg, https://salt.tikicdn.com/cache/200x280/ts/product/19/49/c3/f730f8e5a87fa345271294e50bd5b9f3.jpg, https://salt.tikicdn.com/cache/200x280/ts/product/4e/21/f5/c738b19b96fddc61a54521d4c4a19263.jpg",1000,0
